0.4070233, 945.0078, -297.2693, -29.44292, -0.298725, 0.05260587, -0.02925989, 0.2148027, 0.214867, 0.2393241, 0.2394089
0.508029, 944.2131, -297.1283, -29.39544, -0.2988289, 0.05268262, -0.02925837, 0.2131618, 0.2133167, 0.239528, 0.2397361
0.6080347, 943.5707, -297.0133, -29.35755, -0.2989116, 0.05274665, -0.02925714, 0.2210784, 0.2205074, 0.2390317, 0.2383216
0.7080405, 942.7739, -296.8694, -29.31118, -0.2990119, 0.05282997, -0.02925554, 0.2126929, 0.212815, 0.2397078, 0.2398728
0.8080462, 941.9767, -296.7245, -29.26542, -0.2991132, 0.05290949, -0.02925405, 0.2127004, 0.2127888, 0.2397778, 0.2398973
0.9080519, 941.2975, -296.6002, -29.22693, -0.2991981, 0.05297992, -0.02925275, 0.2190994, 0.2186208, 0.2393429, 0.2387352
1.013058, 940.4242, -296.4394, -29.17809, -0.2993056, 0.05307381, -0.02925102, 0.2109636, 0.2111411, 0.2400488, 0.2402934
1.113064, 939.56, -296.2794, -29.13041, -0.2994132, 0.05316266, -0.02924941, 0.2093368, 0.2096177, 0.2402529, 0.2406467
1.213069, 938.7301, -296.1251, -29.08524, -0.2995141, 0.05325378, -0.02924778, 0.2111198, 0.2112425, 0.2401602, 0.2403292
1.313075, 938.0745, -296.0026, -29.04996, -0.2995944, 0.05332365, -0.02924654, 0.220527, 0.2198463, 0.2394287, 0.2385753
1.413081, 937.2125, -295.8412, -29.00409, -0.2997004, 0.05341441, -0.02924494, 0.209525, 0.2097454, 0.2404034, 0.2407123
1.513087, 936.3995, -295.6884, -28.96135, -0.2997977, 0.05350716, -0.02924332, 0.2120728, 0.2120757, 0.2402273, 0.2402312
1.613092, 935.5692, -295.5319, -28.9182, -0.299899, 0.05359644, -0.02924178, 0.2112049, 0.2112668, 0.2403506, 0.240436
1.713098, 934.7509, -295.3772, -28.87615, -0.2999974, 0.05368841, -0.02924019, 0.2118463, 0.2118487, 0.240337, 0.2403402
1.813104, 933.8997, -295.2161, -28.83288, -0.3001008, 0.05378122, -0.02923861, 0.2101836, 0.2103112, 0.2405324, 0.2407103
1.91411, 933.0367, -295.0525, -28.7895, -0.3002044, 0.0538794, -0.02923693, 0.2100485, 0.210185, 0.2405854, 0.240776
2.016115, 932.3136, -294.9151, -28.75348, -0.3002913, 0.05396166, -0.02923554, 0.2177449, 0.2172526, 0.23991, 0.2392742
2.117121, 931.4503, -294.7509, -28.71089, -0.3003961, 0.05405749, -0.02923392, 0.2100766, 0.2102023, 0.2406547, 0.2408303
2.220127, 930.5988, -294.5888, -28.66929, -0.300498, 0.05415678, -0.02923226, 0.2115358, 0.2115462, 0.2405476, 0.2405619
2.322133, 929.7118, -294.4198, -28.62639, -0.3006059, 0.05425578, -0.0292306, 0.209374, 0.2095532, 0.2407923, 0.2410446
2.424139, 928.8558, -294.2567, -28.58539, -0.300708, 0.05435817, -0.0292289, 0.2109438, 0.211005, 0.2406669, 0.2407517
2.525144, 928.0162, -294.0966, -28.54552, -0.3008102, 0.05445347, -0.02922732, 0.2113752, 0.2114037, 0.2406517, 0.240691
2.62515, 927.1814, -293.9374, -28.50622, -0.3009105, 0.05455302, -0.02922567, 0.2112191, 0.2112643, 0.2406938, 0.2407563
2.727156, 926.4966, -293.8068, -28.47422, -0.300994, 0.0546318, -0.02922437, 0.2199893, 0.2193188, 0.2398739, 0.239026
2.828162, 925.6262, -293.6408, -28.43386, -0.3011004, 0.05473202, -0.02922272, 0.2098799, 0.2100401, 0.240874, 0.2410985
2.929168, 924.7253, -293.4711, -28.39267, -0.3012109, 0.05484417, -0.02922087, 0.2083836, 0.2087328, 0.241019, 0.2415163
3.031173, 923.9755, -293.339, -28.36024, -0.3013145, 0.05494005, -0.0292193, 0.2165743, 0.2165839, 0.240108, 0.2401206
3.132179, 923.3116, -293.2321, -28.3343, -0.3014142, 0.05504096, -0.02921763, 0.2209207, 0.2209154, 0.2396544, 0.2396477
3.234185, 922.7171, -293.1472, -28.31451, -0.3015168, 0.05513262, -0.02921607, 0.2252473, 0.2252204, 0.2392529, 0.2392206
3.335191, 922.1906, -293.084, -28.30086, -0.3016173, 0.05522678, -0.02921438, 0.2289756, 0.2290089, 0.2389196, 0.2389582
3.436196, 921.7966, -293.0467, -28.2939, -0.3017038, 0.05529815, -0.02921302, 0.2372135, 0.236604, 0.2382639, 0.2376096
3.540202, 921.3621, -293.0198, -28.2906, -0.301814, 0.05537972, -0.02921133, 0.2355415, 0.2357655, 0.2383393, 0.2385834
3.642208, 921.019, -293.0137, -28.29243, -0.301914, 0.05545231, -0.02920968, 0.2408971, 0.2408887, 0.237895, 0.2378862
3.746214, 920.7202, -293.0255, -28.29879, -0.3020208, 0.05551463, -0.0292081, 0.2442639, 0.2443511, 0.2375848, 0.2376726
3.84822, 920.4809, -293.0536, -28.30886, -0.3021224, 0.05557306, -0.02920646, 0.2479831, 0.2480645, 0.2372515, 0.2373309
3.949226, 920.3226, -293.088, -28.31964, -0.3022063, 0.05561399, -0.02920682, 0.2604145, 0.2581889, 0.2368725, 0.2361481
4.050231, 920.1675, -293.1445, -28.33579, -0.3023158, 0.05565618, -0.02945771, 0.2614142, 0.2619693, 0.2367019, 0.2368842
4.152237, 920.0583, -293.2162, -28.35388, -0.3024557, 0.05569127, -0.03256681, 0.2716452, 0.2708624, 0.2365257, 0.2362627
4.254243, 919.9827, -293.3269, -28.37307, -0.3027611, 0.05572053, -0.046971, 0.2810139, 0.2778772, 0.2366116, 0.2355368
4.355249, 919.9166, -293.5424, -28.38571, -0.3034611, 0.05573953, -0.08996904, 0.2905455, 0.2826051, 0.2369508, 0.234187
4.457255, 919.8427, -293.8802, -28.37258, -0.3046475, 0.05571176, -0.1523135, 0.2997957, 0.2803339, 0.237505, 0.2307477
4.558261, 919.6862, -294.6374, -28.26092, -0.30731, 0.0555005, -0.2677878, 0.3007925, 0.291812, 0.2338863, 0.2307613
4.659266, 919.4326, -295.8462, -27.9243, -0.3111677, 0.05475063, -0.4341807, 0.3029846, 0.2914145, 0.2295156, 0.2256423
4.761272, 919.1459, -297.2029, -27.36575, -0.3151787, 0.05354177, -0.5837455, 0.3087211, 0.2625104, 0.2254492, 0.2116415
4.862278, 918.7294, -299.197, -26.2424, -0.3202765, 0.05094184, -0.7891924, 0.294307, 0.2871801, 0.2154945, 0.2134143
4.963284, 918.2861, -301.3947, -24.60745, -0.3250342, 0.0470896, -0.9975354, 0.2889258, 0.2707017, 0.2069109, 0.2022167
5.06429, 917.9241, -303.2797, -22.88253, -0.3285722, 0.04314841, -1.156996, 0.2898883, 0.2338522, 0.1974005, 0.178607
5.166296, 917.4662, -305.796, -20.18967, -0.3330331, 0.03748895, -1.326604, 0.2732049, 0.2815155, 0.1957357, 0.1977018
5.267301, 917.0043, -308.3502, -17.26496, -0.3385684, 0.03131031, -1.45286, 0.2825987, 0.2798426, 0.1976458, 0.1969827
5.368307, 916.374, -311.4463, -14.06545, -0.3485486, 0.0255123, -1.53036, 0.3216854, 0.330472, 0.2236501, 0.2267829
5.469313, 915.3952, -315.4735, -10.81361, -0.3639086, 0.01978249, -1.578669, 0.3923793, 0.3895504, 0.3624884, 0.3591729
5.571319, 914.0962, -320.0248, -8.046732, -0.3810764, 0.0152165, -1.602763, 0.4423233, 0.3823981, 0.4626752, 0.4033121
5.671324, 911.4443, -328.2043, -4.210209, -0.4094062, 0.009295134, -1.621176, 0.5774997, 0.5865085, 0.6945199, 0.6995564
5.77333, 907.3258, -339.3992, 0.01797438, -0.4415734, 0.00227313, -1.630277, 0.6529542, 0.6603099, 0.7756805, 0.7789726
5.874336, 902.7445, -350.6479, 3.663218, -0.4695377, -0.003308277, -1.629664, 0.6647341, 0.654819, 0.7850593, 0.7807629
5.975342, 896.3863, -364.9849, 7.803129, -0.5009105, -0.009070914, -1.622456, 0.7176299, 0.7190542, 0.8318782, 0.8324165
6.075347, 888.895, -380.5365, 11.83547, -0.5308672, -0.01428822, -1.610337, 0.7385028, 0.7405236, 0.8485339, 0.8492575
6.176353, 880.1552, -397.4198, 15.76588, -0.5619835, -0.01807806, -1.598353, 0.7563519, 0.7583398, 0.8609688, 0.8616598
6.277359, 870.657, -414.6155, 19.43801, -0.5917675, -0.02114142, -1.58758, 0.7640593, 0.7648977, 0.8654934, 0.8657838
6.379365, 862.42, -428.7292, 22.27739, -0.6161824, -0.02316912, -1.581214, 0.7321102, 0.7194533, 0.8391309, 0.8343552
6.480371, 850.9172, -447.3846, 25.86047, -0.648756, -0.02563839, -1.575371, 0.7863545, 0.7885005, 0.8790084, 0.8797438
6.581377, 839.519, -464.8107, 29.08339, -0.6785188, -0.02818534, -1.571172, 0.779913, 0.7787288, 0.8731078, 0.8726897
6.683383, 826.4623, -483.4686, 32.43492, -0.7118939, -0.03078888, -1.567996, 0.7935395, 0.7942336, 0.8824907, 0.8827303
6.785388, 812.5038, -502.034, 35.68588, -0.7452051, -0.03367237, -1.565153, 0.7967719, 0.7970028, 0.8848682, 0.8849471
6.887393, 797.3793, -520.7655, 38.89304, -0.7803852, -0.03642768, -1.562712, 0.8028228, 0.8031316, 0.8889037, 0.8890081
6.9894, 781.7152, -538.8636, 41.9366, -0.8140841, -0.03933121, -1.560224, 0.8021916, 0.8013622, 0.8884521, 0.8881719
7.091405, 764.1483, -557.7559, 45.07603, -0.8507832, -0.04216682, -1.557795, 0.8137586, 0.8144891, 0.8962377, 0.8964794
7.192411, 749.3035, -572.7098, 47.54177, -0.8797771, -0.04455063, -1.555726, 0.7839344, 0.7768186, 0.875707, 0.8732327
7.293417, 730.1038, -590.8561, 50.51937, -0.9152644, -0.0475153, -1.553083, 0.8189191, 0.8194969, 0.899713, 0.8999019
7.394423, 710.1387, -608.4589, 53.40163, -0.951017, -0.05024409, -1.55055, 0.8204815, 0.8207507, 0.9004716, 0.9005597
7.495429, 689.1653, -625.6331, 56.20913, -0.9859598, -0.05307461, -1.547793, 0.8227235, 0.8230006, 0.9023056, 0.9023952
7.596435, 666.9871, -642.4496, 58.96196, -1.021636, -0.05570599, -1.545095, 0.8260013, 0.8264918, 0.9048582, 0.9050145
7.69744, 644.7278, -658.1119, 61.54499, -1.055324, -0.05829174, -1.542306, 0.8224412, 0.822038, 0.9029027, 0.9027745
7.798446, 624.9739, -671.091, 63.70979, -1.084159, -0.06046396, -1.539841, 0.8012385, 0.7960027, 0.8891256, 0.8874102
7.899452, 599.5057, -686.6616, 66.34883, -1.120523, -0.06300006, -1.53682, 0.8351413, 0.8366747, 0.9111704, 0.9116461
8.001457, 575.5439, -700.2137, 68.69981, -1.153024, -0.06541024, -1.533793, 0.822399, 0.8216631, 0.9031546, 0.9029222
8.102463, 549.8315, -713.654, 71.09055, -1.188173, -0.06768164, -1.530791, 0.8314522, 0.8322318, 0.9087416, 0.9089853
8.204469, 527.574, -724.4108, 73.06155, -1.21797, -0.06962598, -1.52784, 0.8070532, 0.8029062, 0.8927946, 0.8914441
8.305475, 501.7863, -735.8972, 75.2273, -1.251968, -0.0717747, -1.524315, 0.8279443, 0.8281242, 0.9063351, 0.9063919
8.407481, 478.4773, -745.4229, 77.08623, -1.282905, -0.07350136, -1.521003, 0.8103813, 0.8069848, 0.8946322, 0.8935243
8.508487, 450.7304, -755.7463, 79.16953, -1.320348, -0.07526039, -1.516827, 0.8356487, 0.8370074, 0.9104049, 0.9108361
8.609493, 423.8604, -764.7221, 81.06293, -1.354919, -0.0769259, -1.512016, 0.8298218, 0.8303798, 0.906514, 0.9066933
8.711498, 401.8952, -771.3325, 82.50942, -1.383874, -0.07798606, -1.508184, 0.797823, 0.7913535, 0.8849013, 0.8826978
8.812504, 373.3048, -778.9811, 84.26557, -1.421693, -0.07908978, -1.503289, 0.8370036, 0.8386503, 0.9102732, 0.9108064
8.913509, 346.8591, -785.1113, 85.79465, -1.455856, -0.07992439, -1.498559, 0.8253869, 0.8253247, 0.9025308, 0.9025102
9.015515, 319.5818, -790.5062, 87.25077, -1.491759, -0.08045109, -1.494705, 0.8282424, 0.8284476, 0.9038225, 0.903891
9.117521, 292.1449, -795.0028, 88.56152, -1.527301, -0.08087847, -1.490022, 0.8289837, 0.8290076, 0.9038215, 0.9038295
9.220528, 268.6274, -798.1215, 89.6031, -1.55783, -0.08120645, -1.485119, 0.8049479, 0.8002213, 0.8872706, 0.885606
9.320533, 242.2407, -800.8226, 90.64819, -1.594135, -0.08138087, -1.480004, 0.8267716, 0.8264647, 0.9012085, 0.9011023
9.422539, 215.083, -802.764, 91.54529, -1.625157, -0.08157888, -1.474813, 0.827771, 0.8273463, 0.9018655, 0.9017189
9.525545, 187.6616, -803.9575, 92.47182, -1.650994, -0.08228765, -1.469465, 0.8263092, 0.8271707, 0.9015155, 0.9018109
9.626551, 166.6212, -804.4669, 93.15275, -1.665148, -0.08331542, -1.466524, 0.7886406, 0.7816129, 0.8761188, 0.8735814
9.727557, 141.6297, -804.7389, 94.07564, -1.677448, -0.08533527, -1.463431, 0.8131067, 0.8140876, 0.8941739, 0.8945093
9.828563, 118.456, -804.8365, 95.10847, -1.686247, -0.08788531, -1.460989, 0.8016141, 0.8024948, 0.8858789, 0.8861896
9.929568, 96.75598, -804.9612, 96.36888, -1.692519, -0.09110971, -1.458365, 0.7924209, 0.7946378, 0.8776342, 0.8784572
10.03057, 80.85803, -805.1057, 97.50611, -1.69617, -0.093907, -1.456183, 0.7417145, 0.7328557, 0.8360506, 0.8322939
10.13058, 63.22788, -805.3751, 99.01643, -1.699601, -0.09721471, -1.453106, 0.7625499, 0.7643031, 0.8506129, 0.8513532
10.23159, 46.29723, -805.658, 100.6916, -1.702082, -0.1005202, -1.447333, 0.7530673, 0.7571499, 0.8421598, 0.8439444
10.33259, 33.93193, -805.874, 102.03, -1.703234, -0.1025102, -1.437819, 0.6943293, 0.6827395, 0.7898254, 0.7840531
10.4336, 19.59834, -806.1517, 103.603, -1.703986, -0.1033051, -1.413644, 0.7191038, 0.7260603, 0.813381, 0.8166724
10.5346, 6.351602, -806.4899, 104.8045, -1.704589, -0.1007639, -1.365702, 0.7026119, 0.7127888, 0.7981893, 0.8032246
10.63561, -5.783819, -806.9263, 105.2669, -1.704633, -0.09388941, -1.291111, 0.6869041, 0.6978638, 0.7825549, 0.7882322
10.73661, -14.91678, -807.3667, 104.8747, -1.703485, -0.084818, -1.206885, 0.6389325, 0.627378, 0.7323169, 0.725604
10.83762, -24.75527, -808.0168, 103.3015, -1.699912, -0.07006326, -1.073783, 0.659542, 0.6668423, 0.7545169, 0.758576
10.93863, -31.71827, -808.6499, 101.0864, -1.69447, -0.05677146, -0.9489869, 0.6157566, 0.5942972, 0.7056171, 0.6923497
11.03963, -38.98737, -809.5816, 97.17754, -1.683889, -0.04002596, -0.777083, 0.6465187, 0.6461444, 0.7393251, 0.7391085
11.14064, -44.6729, -810.7154, 91.97005, -1.669484, -0.02356405, -0.5794845, 0.6480365, 0.6472657, 0.7393335, 0.7388839
11.24264, -47.79617, -811.752, 87.13789, -1.656184, -0.01273556, -0.4191562, 0.6118269, 0.589571, 0.6982989, 0.6841319
11.34365, -49.83963, -813.0958, 81.06999, -1.640294, -0.004032457, -0.2453189, 0.6409372, 0.6273804, 0.7258805, 0.7175311
11.44465, -50.3317, -814.189, 76.43625, -1.630081, -0.0003155417, -0.1255351, 0.5929734, 0.5678098, 0.6724586, 0.6552703
11.54566, -49.96521, -815.5476, 71.15257, -1.621091, 0.001166239, -0.006106828, 0.6191529, 0.5996265, 0.6959473, 0.6828043
11.64767, -49.12574, -816.697, 67.12056, -1.616465, 0.0008334187, 0.06741795, 0.5741813, 0.5554563, 0.6436365, 0.629747
11.74867, -47.86147, -818.0228, 62.95778, -1.614191, -0.0001534009, 0.125779, 0.5903379, 0.5731255, 0.6540879, 0.6410836
11.84968, -46.4887, -819.3579, 59.24854, -1.614324, -0.00106437, 0.1628813, 0.5777692, 0.5645253, 0.6318738, 0.6211847
11.95268, -45.46286, -820.3748, 56.70573, -1.61539, -0.001413782, 0.1792265, 0.5094678, 0.5093788, 0.5472229, 0.5471421
12.05569, -44.19823, -821.7088, 53.66817, -1.617488, -0.001344341, 0.1887027, 0.552266, 0.5466527, 0.5853967, 0.5802754
12.1587, -43.12334, -822.9559, 51.07765, -1.619458, -0.0007729387, 0.1894492, 0.5298594, 0.5299045, 0.549836, 0.54988
12.2597, -42.3733, -823.9105, 49.22189, -1.620791, -3.044427E-05, 0.1866533, 0.477012, 0.4886435, 0.4812452, 0.4934086
12.36071, -41.51217, -825.1016, 46.99854, -1.621937, 0.001407376, 0.1807808, 0.5153249, 0.520155, 0.5186064, 0.5236742
12.46171, -40.74656, -826.2359, 44.86563, -1.622292, 0.003884804, 0.1727097, 0.5072481, 0.514417, 0.5080441, 0.5156415
12.56272, -39.99931, -827.3799, 42.51132, -1.621881, 0.00805752, 0.1625351, 0.5174092, 0.5241593, 0.5267397, 0.5336437
12.66372, -39.42661, -828.255, 40.42757, -1.621083, 0.01274134, 0.1534707, 0.4825329, 0.4965654, 0.4987257, 0.5127271
12.76473, -38.67848, -829.3691, 37.25132, -1.619695, 0.02093716, 0.140603, 0.5469935, 0.5525777, 0.586584, 0.591535
12.86474, -37.93523, -830.4201, 33.58166, -1.618108, 0.02975579, 0.1292753, 0.5629718, 0.5678746, 0.6177074, 0.6217028
12.96674, -37.20824, -831.3967, 29.60586, -1.616662, 0.03788862, 0.1202989, 0.5669061, 0.5717528, 0.6296277, 0.6334035
13.06875, -36.60704, -832.1852, 26.15514, -1.615531, 0.04292468, 0.1149804, 0.5391693, 0.5465431, 0.5996433, 0.6055732
13.17075, -35.85153, -833.1843, 21.78088, -1.614166, 0.04686003, 0.1102633, 0.5847907, 0.586708, 0.6491767, 0.6506339
13.27276, -35.3094, -833.926, 18.71023, -1.61323, 0.04830481, 0.1077438, 0.5262308, 0.5324952, 0.5755176, 0.5808725
13.37276, -34.6795, -834.8293, 15.29639, -1.612189, 0.04883363, 0.105338, 0.5554966, 0.5569989, 0.6024782, 0.603757
13.47377, -34.08965, -835.7215, 12.29741, -1.611237, 0.04859103, 0.1028499, 0.5399415, 0.5407418, 0.5738972, 0.5746279
13.57578, -33.63751, -836.4528, 10.11668, -1.610613, 0.04815999, 0.09966725, 0.4937503, 0.4978343, 0.5064921, 0.510621
13.67678, -33.13062, -837.3578, 7.733166, -1.610092, 0.04761096, 0.09315357, 0.5202351, 0.5190725, 0.5271784, 0.5259766
13.77779, -32.70595, -838.238, 5.700865, -1.609837, 0.04725242, 0.08421233, 0.5048355, 0.5038185, 0.494916, 0.4937898
13.87879, -32.39483, -839.0079, 4.112409, -1.609791, 0.04712421, 0.07483947, 0.4754158, 0.4767975, 0.4472242, 0.4488562
13.9798, -32.11164, -839.8707, 2.500615, -1.609879, 0.04716719, 0.06336741, 0.4863759, 0.485659, 0.449309, 0.4484319
14.0808, -31.92871, -840.5776, 1.289593, -1.610017, 0.04731928, 0.05390295, 0.451901, 0.4540731, 0.3992241, 0.4019995
14.18381, -31.75785, -841.4486, -0.08557574, -1.610206, 0.04759669, 0.04333595, 0.474491, 0.4742584, 0.4159721, 0.4156662
14.28482, -31.63536, -842.2987, -1.317338, -1.61034, 0.04792165, 0.03526029, 0.4691091, 0.4690799, 0.3999878, 0.3999482
14.38582, -31.5382, -843.1607, -2.465853, -1.610389, 0.04824783, 0.03016265, 0.4668159, 0.4667487, 0.3879071, 0.387813
14.48683, -31.46834, -843.8777, -3.348449, -1.610364, 0.04848538, 0.02769075, 0.4384304, 0.4396194, 0.3499094, 0.3516041
14.58783, -31.39177, -844.7318, -4.308391, -1.610282, 0.0486737, 0.02574184, 0.4577284, 0.4574763, 0.3598669, 0.3594929
14.68884, -31.33029, -845.4569, -5.035322, -1.610189, 0.04865731, 0.02477119, 0.4319258, 0.4325414, 0.3239803, 0.3249077
14.78985, -31.26097, -846.313, -5.789435, -1.610072, 0.04853294, 0.02402697, 0.4483861, 0.4477543, 0.3262632, 0.3252597
14.89085, -31.19641, -847.1524, -6.414812, -1.609994, 0.04820561, 0.02330514, 0.4401782, 0.4395087, 0.3037765, 0.302674
14.99186, -31.15189, -847.8495, -6.677973, -1.61002, 0.04627122, 0.02243259, 0.4029087, 0.4035005, 0.2447507, 0.2450688
15.09286, -31.11928, -848.7314, -6.269373, -1.610175, 0.03996269, 0.02115712, 0.3870245, 0.3862492, 0.2051698, 0.2048932
15.19287, -31.11688, -849.6713, -4.683969, -1.610402, 0.02855793, 0.02002923, 0.3179491, 0.3170122, 0.1603501, 0.1601851
15.29387, -31.13871, -850.5364, -2.20169, -1.61063, 0.0160497, 0.01941948, 0.24402, 0.244106, 0.138512, 0.1385415
15.39488, -31.18646, -851.5447, 1.82745, -1.610904, -0.0001705589, 0.01902076, 0.217562, 0.2172768, 0.111139, 0.1110597
15.49589, -31.24469, -852.4652, 6.511605, -1.611173, -0.01767013, 0.01879766, 0.2026897, 0.2025042, 0.1028499, 0.102799
15.59789, -31.29808, -853.1421, 10.73399, -1.611395, -0.032168, 0.01868817, 0.200318, 0.2005917, 0.1097775, 0.1098649
15.6989, -31.37734, -853.9473, 16.93629, -1.611701, -0.05122214, 0.01860485, 0.1802235, 0.1800223, 0.08740734, 0.08735695
15.7999, -31.46482, -854.6384, 23.75689, -1.612006, -0.07151239, 0.01856221, 0.1719669, 0.1718196, 0.0824264, 0.08239038
15.90091, -31.54033, -855.1087, 29.65944, -1.612254, -0.08769842, 0.01854747, 0.1753828, 0.1755706, 0.09046139, 0.09051453
16.00191, -31.65132, -855.6293, 38.39667, -1.612605, -0.1082643, 0.01854304, 0.1556189, 0.155409, 0.06981128, 0.06976631
16.10292, -31.74031, -855.9219, 45.49067, -1.612861, -0.1260999, 0.01854822, 0.1634978, 0.1636355, 0.08053841, 0.08057396
16.20393, -31.85571, -856.0637, 55.04142, -1.613188, -0.1475588, 0.01856374, 0.1466891, 0.1465867, 0.06555112, 0.06552933
16.30493, -31.97244, -855.8187, 65.41026, -1.61351, -0.1677266, 0.01858661, 0.1369035, 0.1368423, 0.06168531, 0.06167211
16.40594, -32.0877, -855.234, 76.35015, -1.613807, -0.1878525, 0.01861634, 0.13069, 0.1306575, 0.05917716, 0.05917008
16.50694, -32.18479, -854.4957, 86.11771, -1.614049, -0.2039738, 0.01864466, 0.1339278, 0.1340294, 0.06425366, 0.06427853
16.60795, -32.30171, -853.3125, 98.59235, -1.614337, -0.222676, 0.01868251, 0.1205128, 0.1204593, 0.05337062, 0.05335945
16.70896, -32.41087, -851.9059, 111.0171, -1.614602, -0.2408734, 0.01871713, 0.1196293, 0.119602, 0.05344124, 0.05343543
16.80996, -32.49774, -850.5546, 121.5558, -1.614815, -0.2554206, 0.01867345, 0.1266117, 0.1267161, 0.06043111, 0.06045641
16.91097, -32.60521, -848.5019, 135.9048, -1.615078, -0.2739821, 0.01823715, 0.1114217, 0.1113563, 0.04753958, 0.04752691
17.01197, -32.67386, -846.8098, 146.6769, -1.61523, -0.2869763, 0.01743835, 0.1241393, 0.1242575, 0.05921614, 0.05924475
17.13198, -32.74529, -844.1005, 162.5061, -1.615316, -0.3075769, 0.01496244, 0.1143279, 0.11441, 0.05015866, 0.05017549
17.23299, -32.76697, -841.6086, 175.8967, -1.615224, -0.3239137, 0.01188484, 0.1135327, 0.1136204, 0.04988237, 0.04990035
17.33399, -32.75224, -839.4902, 186.5898, -1.61503, -0.3378334, 0.008612374, 0.1232366, 0.1233858, 0.0590913, 0.05912779
17.435, -32.68777, -836.6754, 199.9953, -1.614618, -0.3535013, 0.00442317, 0.1130721, 0.1131986, 0.04957318, 0.04959905
17.536, -32.57071, -833.7374, 213.1707, -1.61406, -0.369851, -0.0003299122, 0.1136728, 0.1138114, 0.05011293, 0.05014157
17.63601, -32.42996, -831.1523, 224.1805, -1.61348, -0.3834254, -0.004463594, 0.1206205, 0.1206907, 0.056944, 0.05696066
17.73701, -32.20484, -827.8517, 237.5581, -1.612634, -0.3990626, -0.009353776, 0.1126392, 0.1127639, 0.04924601, 0.04927137
17.83802, -31.92126, -824.4017, 250.8378, -1.611691, -0.4156993, -0.01464407, 0.1128478, 0.1129747, 0.04937197, 0.04939783
17.93903, -31.65387, -821.5433, 261.3643, -1.61086, -0.4285541, -0.01872417, 0.121931, 0.1218516, 0.05880062, 0.05878097
18.04003, -31.2505, -817.6511, 275.0885, -1.609682, -0.4445062, -0.0234412, 0.1111408, 0.1112311, 0.0478086, 0.04782638
18.14104, -30.81699, -813.7722, 288.1473, -1.60858, -0.4610064, -0.02722361, 0.1130766, 0.1130717, 0.04953834, 0.04953733
18.24204, -30.45193, -810.6121, 298.3792, -1.607758, -0.4733069, -0.02911781, 0.1220514, 0.1217538, 0.05944552, 0.05937031
18.34305, -29.9536, -806.3417, 311.7273, -1.606841, -0.4887478, -0.03061113, 0.1120213, 0.1119262, 0.0483789, 0.04836001
18.44405, -29.47098, -802.2149, 324.3731, -1.606238, -0.5022382, -0.03149081, 0.1149355, 0.1147919, 0.05037443, 0.05034505
18.54606, -29.10285, -799.1006, 334.0782, -1.605967, -0.5098205, -0.03195637, 0.1266991, 0.1263182, 0.0619757, 0.06187858
18.64707, -28.68738, -795.69, 345.4405, -1.605869, -0.5149151, -0.03236373, 0.1258969, 0.125742, 0.05506895, 0.05503739
18.74807, -28.33871, -793.0287, 355.8212, -1.605989, -0.5159536, -0.03262601, 0.1382328, 0.1380922, 0.05963017, 0.05960231
18.85008, -28.12575, -791.5624, 362.9049, -1.606192, -0.5145487, -0.03270554, 0.1561078, 0.1555566, 0.07916194, 0.07901084
18.95008, -27.89622, -790.0599, 371.1206, -1.606544, -0.5111794, -0.03269233, 0.1588689, 0.1586895, 0.07124558, 0.07120717
19.05109, -27.71437, -788.965, 378.3931, -1.606952, -0.5063269, -0.03258251, 0.1667581, 0.1665362, 0.0784003, 0.07834807
19.1541, -27.5701, -788.2324, 385.1933, -1.607431, -0.5004847, -0.03240943, 0.176008, 0.1758477, 0.08370358, 0.08366497
19.2551, -27.4884, -787.95, 390.0193, -1.607815, -0.4953114, -0.03224119, 0.1831715, 0.1825852, 0.1022191, 0.1020245
19.35611, -27.42474, -787.9456, 395.3509, -1.608263, -0.4885663, -0.03200848, 0.1966049, 0.1964675, 0.09793225, 0.09789595
19.45711, -27.39702, -788.3248, 400.4145, -1.60871, -0.4823059, -0.03177899, 0.2130233, 0.2131476, 0.1023556, 0.1023861
19.55912, -27.40082, -788.8406, 403.8078, -1.609004, -0.4780161, -0.03161282, 0.2103001, 0.2095977, 0.1269677, 0.1266949
19.66013, -27.44396, -789.8458, 407.484, -1.609334, -0.4733075, -0.03141937, 0.2409086, 0.2409961, 0.1247016, 0.1247266
19.76113, -27.52348, -791.1688, 410.4693, -1.609609, -0.4699203, -0.03126483, 0.2748514, 0.275126, 0.1399217, 0.1399544
19.86314, -27.61044, -792.4591, 412.6134, -1.609799, -0.4679694, -0.03115799, 0.2495488, 0.2489033, 0.1605209, 0.1602365
19.96414, -27.73247, -794.1663, 414.8945, -1.609983, -0.4664046, -0.03104104, 0.3341985, 0.3347015, 0.1604805, 0.1605739
20.06515, -27.84392, -795.67, 416.6022, -1.610117, -0.4657787, -0.03096601, 0.2877805, 0.2862531, 0.1757674, 0.1754715
20.16615, -27.98691, -797.5575, 418.5084, -1.610262, -0.4654468, -0.03088854, 0.3583061, 0.3588583, 0.1738216, 0.1739512
20.26716, -28.13331, -799.4595, 420.2493, -1.610392, -0.4653531, -0.03081772, 0.3582362, 0.3585671, 0.179616, 0.1796989
20.36816, -28.29208, -801.496, 421.9525, -1.610529, -0.4652787, -0.03075007, 0.3783143, 0.379034, 0.1827194, 0.1829183
20.46917, -28.42056, -803.1239, 423.1857, -1.610645, -0.4650421, -0.03069536, 0.3034555, 0.3016205, 0.1952015, 0.1947437
20.57018, -28.59733, -805.3242, 424.5884, -1.610842, -0.4639786, -0.03061339, 0.3983051, 0.3990464, 0.1967805, 0.1970343
20.67118, -28.75326, -807.2081, 425.3845, -1.611076, -0.4614245, -0.03052057, 0.3431261, 0.3416651, 0.2198961, 0.2193758
20.77219, -28.99349, -809.9796, 425.5876, -1.611557, -0.4547004, -0.03035749, 0.4600103, 0.4605495, 0.3241184, 0.3250172
20.87319, -29.29977, -813.3085, 424.2986, -1.612218, -0.4418035, -0.0301073, 0.5107936, 0.5108933, 0.520995, 0.5210967
20.9742, -29.62642, -816.6919, 421.7469, -1.612915, -0.4268795, -0.02985153, 0.5162226, 0.515248, 0.6074216, 0.6067387
21.0752, -30.1943, -822.2886, 415.6906, -1.614008, -0.4010433, -0.02945202, 0.6603384, 0.6606007, 0.7546672, 0.7548128
21.17721, -30.75795, -827.5784, 408.4585, -1.614933, -0.376538, -0.02910824, 0.6543869, 0.6540146, 0.7738029, 0.7736332
21.27822, -31.50091, -834.25, 397.8147, -1.615963, -0.3449504, -0.02870755, 0.7231826, 0.7231898, 0.8284608, 0.8284639
21.37922, -32.30656, -841.1505, 385.2634, -1.616973, -0.3157371, -0.02842925, 0.7433821, 0.743348, 0.8467606, 0.8467476
21.48023, -33.0163, -846.9542, 373.5795, -1.617803, -0.2913609, -0.02841144, 0.7215637, 0.7211989, 0.8356568, 0.8355216
21.58123, -33.91951, -853.9245, 358.1529, -1.618844, -0.2607284, -0.02881278, 0.7713094, 0.7712467, 0.8674847, 0.8674623
21.68224, -34.69709, -859.5276, 344.5301, -1.61978, -0.2366248, -0.02938015, 0.7448115, 0.7444947, 0.8517262, 0.8516124
21.78325, -35.70757, -866.2604, 326.4758, -1.621032, -0.2069805, -0.03014568, 0.7923421, 0.7923495, 0.8816643, 0.8816668
21.88325, -36.7341, -872.4678, 307.6784, -1.622283, -0.1757012, -0.03085683, 0.7979627, 0.7979937, 0.885523, 0.8855336
21.98526, -37.56703, -877.0374, 292.0026, -1.623312, -0.1510708, -0.03131276, 0.7613974, 0.7611454, 0.8634185, 0.8633307
22.08626, -38.63768, -882.3046, 271.191, -1.624649, -0.1201402, -0.03176001, 0.807229, 0.8072927, 0.8927152, 0.8927361
22.18827, -39.68734, -886.7988, 249.9568, -1.625915, -0.08621487, -0.03209725, 0.8074617, 0.8074951, 0.8929172, 0.8929282
22.28928, -40.54625, -889.9418, 231.8327, -1.626968, -0.05963982, -0.03226686, 0.7821952, 0.7820232, 0.8778536, 0.877796
22.39028, -41.59322, -893.0547, 208.6559, -1.62825, -0.02667602, -0.03240952, 0.817822, 0.8178858, 0.900762, 0.9007821
22.49229, -42.44587, -894.9693, 188.8195, -1.629296, 0.001085233, -0.03251661, 0.791864, 0.7917197, 0.8851732, 0.8851265
22.59329, -43.45327, -896.451, 164.1881, -1.630542, 0.035803, -0.03267089, 0.8245414, 0.8246083, 0.9054365, 0.9054571
22.6953, -44.41725, -896.991, 139.2755, -1.631794, 0.06817049, -0.0328218, 0.8240615, 0.8241189, 0.9054398, 0.9054574
22.7963, -45.18028, -896.712, 118.4618, -1.632797, 0.09508362, -0.03294912, 0.7995505, 0.7994283, 0.8903737, 0.8903348
22.89731, -46.10753, -895.4596, 91.76879, -1.633918, 0.128263, -0.03312195, 0.8340471, 0.834158, 0.9119153, 0.9119486
22.99832, -46.78822, -894.0211, 71.43497, -1.634575, 0.1493997, -0.03324646, 0.7981564, 0.7980317, 0.8881956, 0.8881549
23.10032, -47.53588, -892.132, 48.7751, -1.635068, 0.1658201, -0.03335249, 0.8135022, 0.8135353, 0.8973453, 0.897356
23.20133, -48.24957, -890.3195, 27.39337, -1.635309, 0.1744921, -0.03341511, 0.8093458, 0.809422, 0.8927548, 0.8927804
23.30433, -48.82089, -888.9642, 10.66956, -1.635375, 0.1762201, -0.03343371, 0.7734436, 0.7733126, 0.8653449, 0.8652957
23.40534, -49.37767, -887.7245, -5.24909, -1.635347, 0.1741194, -0.03343091, 0.7691531, 0.7691152, 0.8619258, 0.8619114
23.50634, -49.94781, -886.5936, -20.96321, -1.635279, 0.1691221, -0.03341137, 0.7670496, 0.767206, 0.8603666, 0.8604265
23.60735, -50.3531, -885.9038, -31.65744, -1.635258, 0.1648404, -0.03339393, 0.707425, 0.7071034, 0.8099644, 0.8098201
23.70835, -50.79639, -885.2365, -42.84916, -1.63529, 0.1606571, -0.03337818, 0.7144043, 0.7145337, 0.8164157, 0.8164726
23.80936, -51.12361, -884.8107, -50.739, -1.635364, 0.1587377, -0.03337283, 0.6582515, 0.6577775, 0.7618842, 0.7616394
23.91037, -51.50692, -884.3649, -59.57056, -1.635519, 0.158006, -0.03337438, 0.6772953, 0.6775926, 0.7801748, 0.7803217
24.01137, -51.85327, -884.0093, -67.17568, -1.635702, 0.1588426, -0.03338517, 0.654178, 0.6544594, 0.7550817, 0.7552319
24.11338, -52.13446, -883.7528, -73.09727, -1.635882, 0.1603815, -0.03339903, 0.6138666, 0.6135719, 0.7080375, 0.7078583
24.21539, -52.38427, -883.5496, -78.17583, -1.636055, 0.1621422, -0.03341451, 0.5915946, 0.5909714, 0.6782972, 0.6778859
24.31739, -52.66089, -883.3553, -83.58961, -1.636258, 0.1641178, -0.03343251, 0.6033873, 0.6034235, 0.6901546, 0.690178
24.4184, -52.94447, -883.1882, -88.90439, -1.636462, 0.1664056, -0.03345483, 0.6041723, 0.6046025, 0.6879476, 0.6882321
24.5194, -53.20591, -883.0546, -93.59065, -1.636653, 0.1684064, -0.03347613, 0.5864511, 0.5867662, 0.6628823, 0.6631052
24.62041, -53.40192, -882.9705, -96.96134, -1.6368, 0.1698367, -0.03349246, 0.5407523, 0.539754, 0.5959691, 0.595147
24.72141, -53.65152, -882.8866, -101.0685, -1.636995, 0.1715397, -0.03351305, 0.570125, 0.570671, 0.6354975, 0.6359153
24.82242, -53.84197, -882.8418, -104.0594, -1.637146, 0.1728414, -0.03352962, 0.5283757, 0.5275878, 0.570359, 0.5696632
24.92343, -54.08064, -882.8112, -107.6319, -1.637337, 0.174508, -0.03355192, 0.5541782, 0.5549425, 0.6058359, 0.6064717
25.02443, -54.25714, -882.8073, -110.1458, -1.637483, 0.1756868, -0.0335684, 0.5106398, 0.5097429, 0.5337209, 0.5328543
25.12444, -54.48392, -882.823, -113.2214, -1.637679, 0.1771714, -0.03358976, 0.5391132, 0.540089, 0.5757375, 0.5766175
25.22544, -54.65157, -882.8483, -115.387, -1.637828, 0.1783303, -0.03360666, 0.4968293, 0.4959325, 0.5027088, 0.5017766
25.32645, -54.85373, -882.8967, -117.8853, -1.638008, 0.1798474, -0.03362899, 0.5153433, 0.5158744, 0.5300537, 0.5305851
25.43246, -55.04958, -882.999, -120.1729, -1.638188, 0.1812264, -0.03364966, 0.5044472, 0.5044808, 0.501168, 0.5012042
25.53446, -55.21686, -883.2327, -121.9694, -1.638333, 0.1823564, -0.03366704, 0.4959847, 0.4949478, 0.4574786, 0.4561998
25.63547, -55.42715, -883.7112, -124.046, -1.638502, 0.1837187, -0.03368878, 0.5298829, 0.5301148, 0.4799188, 0.4802209
25.73647, -55.66217, -884.4291, -126.1776, -1.638684, 0.1849881, -0.03371027, 0.5493273, 0.5499669, 0.4776758, 0.4785897
25.83848, -55.85123, -885.115, -127.7719, -1.63882, 0.1859178, -0.03372728, 0.5230575, 0.5221431, 0.4177015, 0.4162503
25.93848, -56.09286, -886.1057, -129.6722, -1.638982, 0.1869539, -0.03374844, 0.5598641, 0.5603852, 0.44548, 0.44636
26.04049, -56.29005, -886.9951, -131.1169, -1.639109, 0.1876341, -0.03376449, 0.5316646, 0.5307941, 0.389793, 0.3882192
26.1435, -56.54299, -888.2274, -132.8374, -1.639264, 0.1882991, -0.03378322, 0.5642416, 0.5646741, 0.4094456, 0.4102905
26.2445, -56.79592, -889.5615, -134.385, -1.639394, 0.1885547, -0.03380044, 0.5666853, 0.5671836, 0.3854327, 0.3864987
26.34551, -56.99423, -890.6822, -135.4538, -1.639488, 0.1883926, -0.03381148, 0.5329021, 0.5320138, 0.3233763, 0.3213905
26.44651, -57.25154, -892.2252, -136.6624, -1.639617, 0.1880271, -0.03382461, 0.5663273, 0.5669355, 0.3238954, 0.325467
26.54752, -57.45057, -893.4615, -137.5236, -1.639739, 0.1880757, -0.03383727, 0.5318104, 0.5309166, 0.2800553, 0.2778034
26.64752, -57.70315, -895.0396, -138.6374, -1.639922, 0.18896, -0.03385897, 0.5665112, 0.5669623, 0.3066945, 0.3079216
26.74853, -57.92156, -896.3656, -139.7395, -1.640139, 0.1907939, -0.03388415, 0.5491203, 0.5485718, 0.3172774, 0.3159382
26.84954, -58.20666, -897.9133, -141.7063, -1.640564, 0.1959142, -0.03393435, 0.5959643, 0.5965328, 0.4287317, 0.4299404
26.95154, -58.45351, -898.9693, -144.1964, -1.64107, 0.2038172, -0.03400224, 0.5884853, 0.5879174, 0.4966305, 0.495726
27.05255, -58.77414, -899.8557, -148.7136, -1.641865, 0.2193142, -0.03413302, 0.6486961, 0.6488515, 0.6348586, 0.6350372
27.15355, -59.13922, -900.1573, -155.5968, -1.64291, 0.2405242, -0.03432119, 0.6910703, 0.6912518, 0.7256058, 0.7257582
27.25456, -59.48268, -899.7346, -163.6664, -1.643941, 0.2633815, -0.03454163, 0.7020365, 0.7018523, 0.7583445, 0.7582155
27.35556, -59.89459, -898.3847, -175.1226, -1.645176, 0.2931783, -0.03486062, 0.749382, 0.7494943, 0.8160428, 0.8161072
27.45657, -60.24347, -896.5068, -186.2487, -1.646237, 0.3190445, -0.03516999, 0.7419181, 0.7417201, 0.8132744, 0.8131641
27.55758, -60.67565, -893.1892, -201.8603, -1.647615, 0.3498983, -0.03558086, 0.7894216, 0.789596, 0.859145, 0.8592281
27.65858, -60.99889, -889.892, -214.9561, -1.648693, 0.3751668, -0.03595328, 0.7648111, 0.7646464, 0.8382211, 0.8381382
27.75959, -61.36715, -885.0801, -231.6659, -1.650021, 0.4065198, -0.03646263, 0.7995121, 0.7996221, 0.8688408, 0.8688909
27.86059, -61.68069, -879.8213, -247.8415, -1.651315, 0.4342526, -0.03695899, 0.796154, 0.7961848, 0.8661405, 0.8661546
27.9616, -61.99485, -872.8474, -266.865, -1.652865, 0.4659921, -0.03758164, 0.8178556, 0.8180276, 0.8848079, 0.8848811
28.0626, -62.20897, -866.4583, -282.5168, -1.654186, 0.4924326, -0.03814732, 0.7937438, 0.7936907, 0.8651171, 0.8650929
28.16461, -62.42195, -857.5382, -302.285, -1.6559, 0.5273635, -0.03896359, 0.8238543, 0.8240153, 0.8902959, 0.8903623
28.26762, -62.5478, -849.446, -318.5782, -1.657371, 0.5560732, -0.03969722, 0.8001392, 0.8000858, 0.8706713, 0.8706475
28.36862, -62.63654, -838.1618, -339.1691, -1.659332, 0.590346, -0.04065356, 0.8322349, 0.8324298, 0.8984436, 0.8985197
28.46963, -62.65167, -828.0678, -355.9971, -1.660961, 0.6193643, -0.04153866, 0.8095073, 0.809525, 0.8806425, 0.8806498
28.57063, -62.6013, -814.6431, -376.6183, -1.662977, 0.6555614, -0.04274982, 0.8362857, 0.8364791, 0.9023284, 0.9024017
28.67164, -62.50806, -803.1389, -393.0213, -1.664632, 0.6827827, -0.04374728, 0.8114799, 0.81149, 0.88221, 0.8822142
28.77365, -62.3258, -787.8944, -413.2501, -1.66675, 0.7149627, -0.04503347, 0.8371887, 0.8373979, 0.903668, 0.903746
28.87465, -62.12864, -775.0267, -429.2002, -1.668495, 0.7400979, -0.04612726, 0.8128127, 0.812861, 0.8840582, 0.8840779
28.97566, -61.82511, -758.4037, -448.5255, -1.670703, 0.7720869, -0.04764464, 0.83803, 0.8382616, 0.9047247, 0.90481
29.07766, -61.51719, -743.724, -464.5378, -1.672702, 0.7980516, -0.04898961, 0.8180978, 0.8182092, 0.8884322, 0.8884768
29.17867, -61.15699, -728.2714, -480.4337, -1.674905, 0.8230354, -0.05038908, 0.8208221, 0.821003, 0.8912537, 0.8913246
29.27967, -60.66168, -709.0516, -498.9538, -1.677699, 0.8553849, -0.05237186, 0.8415082, 0.8418479, 0.9081296, 0.9082512
29.38068, -60.24287, -694.0666, -512.5074, -1.679972, 0.879926, -0.05402249, 0.8091668, 0.8093076, 0.8809136, 0.880972
29.48169, -59.66516, -674.6593, -529.0074, -1.683002, 0.9114883, -0.05636173, 0.8355815, 0.835961, 0.9035904, 0.9037295
29.58269, -59.15057, -658.5834, -541.8504, -1.685659, 0.9360697, -0.05839522, 0.8106539, 0.8108315, 0.8821524, 0.8822257
29.6837, -58.62128, -642.7651, -553.83, -1.688405, 0.9599141, -0.06047694, 0.8062421, 0.8064321, 0.8778185, 0.8778989
29.7847, -57.91036, -622.3726, -568.3811, -1.69215, 0.9893273, -0.06329176, 0.8326776, 0.8331679, 0.9013357, 0.9015173
29.88571, -57.2155, -603.3374, -581.1152, -1.69597, 1.018925, -0.06654472, 0.8229716, 0.8233978, 0.8922741, 0.8924422
29.98572, -56.59897, -586.8838, -591.4985, -1.69945, 1.041816, -0.06935697, 0.8049452, 0.8053427, 0.8752857, 0.8754588
30.08672, -55.89739, -569.0263, -602.1459, -1.703474, 1.066931, -0.07275148, 0.8115079, 0.8119022, 0.8813689, 0.8815352
30.18773, -55.03124, -547.6874, -614.0561, -1.708863, 1.095992, -0.0769759, 0.8295551, 0.8302124, 0.8977754, 0.8980273
30.28873, -54.30688, -530.5611, -623.0044, -1.713591, 1.119214, -0.08072312, 0.8024, 0.8028926, 0.8719314, 0.8721517
30.38974, -53.40009, -509.4134, -633.3342, -1.71977, 1.14834, -0.08608186, 0.8249813, 0.8258216, 0.8933694, 0.8937019
30.49174, -52.6425, -492.6546, -640.978, -1.725353, 1.170639, -0.09086635, 0.7954056, 0.795885, 0.8636806, 0.8639072
30.59375, -51.78672, -474.2941, -648.824, -1.732501, 1.194061, -0.09626049, 0.804387, 0.8051468, 0.8733002, 0.8736398
30.69476, -50.74067, -452.0653, -657.6104, -1.74182, 1.222807, -0.1039345, 0.8257141, 0.8269701, 0.8939117, 0.8944082
30.79676, -49.92815, -435.4362, -663.6895, -1.749841, 1.243981, -0.1107832, 0.7895528, 0.7905657, 0.8566087, 0.8571098
30.89977, -49.01537, -417.1088, -669.9101, -1.760126, 1.267073, -0.1193801, 0.7984859, 0.7998402, 0.8666248, 0.8672574
31.00077, -47.96996, -396.4222, -676.3399, -1.773187, 1.293759, -0.1311748, 0.8135268, 0.815208, 0.8821145, 0.8828317
31.10178, -47.1597, -380.6796, -680.8239, -1.784851, 1.313205, -0.1414635, 0.7801021, 0.7817244, 0.8447354, 0.8455977
31.20278, -46.14201, -361.1432, -685.9155, -1.801815, 1.336328, -0.156082, 0.8041645, 0.8064476, 0.8728341, 0.8738623
31.30379, -45.12204, -341.763, -690.4694, -1.821042, 1.359372, -0.1738964, 0.8020511, 0.8046131, 0.8705174, 0.8716886
31.4048, -44.14672, -323.4941, -694.3245, -1.843452, 1.379608, -0.1931277, 0.7936025, 0.7967244, 0.8614988, 0.8630013
31.5058, -43.37105, -309.1227, -697.0683, -1.863907, 1.395231, -0.2110899, 0.7637544, 0.7670918, 0.8233829, 0.8253736
31.60681, -42.41923, -291.6527, -700.0706, -1.89253, 1.414109, -0.2377505, 0.7861101, 0.7900881, 0.8531778, 0.8551825
31.70881, -41.5142, -275.2052, -702.5697, -1.927328, 1.430453, -0.2668727, 0.7760068, 0.7811041, 0.8412772, 0.8440163
31.80982, -40.65261, -259.6899, -704.64, -1.965767, 1.44628, -0.3028685, 0.7690095, 0.7745875, 0.8323557, 0.8354996
31.91083, -39.79643, -244.401, -706.4124, -2.016706, 1.46044, -0.3444943, 0.7651421, 0.7727017, 0.8283861, 0.8327125
32.01183, -38.93212, -229.0764, -707.9297, -2.079201, 1.474855, -0.400842, 0.7639074, 0.7728583, 0.8275025, 0.8326306
32.11283, -38.08638, -214.1815, -709.1611, -2.16514, 1.487614, -0.4691234, 0.7575316, 0.7703103, 0.8203664, 0.8279145
32.21384, -37.28666, -200.1764, -710.0997, -2.271227, 1.499799, -0.5617579, 0.747738, 0.7634909, 0.8068877, 0.8168268
32.31585, -36.49559, -186.3987, -710.812, -2.430399, 1.510554, -0.6837153, 0.7392197, 0.7631636, 0.7973111, 0.8129523
32.41885, -35.7436, -173.3841, -711.2789, -2.641195, 1.520202, -0.8598884, 0.7256782, 0.7574355, 0.7781276, 0.8005977
32.52086, -35.01056, -160.7938, -711.5156, -2.945076, 1.52734, -1.093818, 0.7112641, 0.759142, 0.7620673, 0.7973864
32.62186, -34.28697, -148.4548, -711.5394, 2.987604, 1.531467, -1.418012, 0.703972, 0.7589196, 0.7539955, 0.7952629
32.72287, -33.54481, -135.9022, -711.3472, 2.623002, 1.530848, -1.775124, 0.7028747, 0.7602729, 0.7561909, 0.798351
32.82388, -32.79893, -123.4069, -710.9348, 2.350145, 1.524942, -2.126535, 0.7130508, 0.7524363, 0.7663372, 0.7946476
32.92488, -32.06837, -111.2816, -710.3182, 2.155372, 1.515543, -2.393335, 0.7184476, 0.7405096, 0.7677782, 0.7839043
33.02789, -31.34706, -99.42047, -709.5056, 2.031047, 1.502834, -2.572547, 0.7193559, 0.7284859, 0.7629602, 0.7699144
33.13189, -30.62148, -87.61309, -708.4859, 1.93702, 1.489047, -2.680578, 0.7183018, 0.7239113, 0.7602566, 0.7645887
33.2329, -29.87845, -75.65656, -707.2367, 1.870765, 1.472869, -2.760119, 0.7241432, 0.7269332, 0.7710255, 0.7730736
33.3349, -29.10494, -63.35188, -705.7193, 1.816409, 1.456099, -2.815147, 0.7258582, 0.7283586, 0.7750849, 0.776878
33.43591, -28.3624, -51.67857, -704.0602, 1.778311, 1.438688, -2.856012, 0.7202685, 0.7219998, 0.7643301, 0.7656386
33.53692, -27.59829, -39.806, -702.1508, 1.746451, 1.421005, -2.887681, 0.7219011, 0.7235718, 0.7680852, 0.7693224
33.63792, -26.79219, -27.43291, -699.9211, 1.720739, 1.401342, -2.915112, 0.7271916, 0.7284744, 0.7778188, 0.7787248
33.73893, -25.98556, -15.20502, -697.4742, 1.699229, 1.382164, -2.936383, 0.7253894, 0.7265496, 0.7746782, 0.7755098
33.83994, -25.18229, -3.183006, -694.8224, 1.682096, 1.36242, -2.954217, 0.7230353, 0.7238901, 0.7704076, 0.7710329
33.94094, -24.36681, 8.865875, -691.9114, 1.667106, 1.342927, -2.968814, 0.7228282, 0.7236506, 0.7708925, 0.7714907
34.04295, -23.53523, 20.99433, -688.7233, 1.654603, 1.322352, -2.981747, 0.7223192, 0.7229265, 0.7701487, 0.7705916
34.14395, -22.83753, 31.05131, -685.8814, 1.645272, 1.305537, -2.990832, 0.6986443, 0.6986887, 0.7204105, 0.7204512
34.24496, -21.83787, 45.27728, -681.5517, 1.633844, 1.281248, -3.002093, 0.7448995, 0.7457731, 0.8092942, 0.8098142
34.34597, -21.14354, 55.03374, -678.3702, 1.626896, 1.264489, -3.008819, 0.6940206, 0.6938307, 0.7106205, 0.7104397
34.44697, -20.11609, 69.2915, -673.4073, 1.617853, 1.239758, -3.017494, 0.745673, 0.7464656, 0.8107194, 0.8111869
34.55098, -19.26333, 80.96668, -669.0632, 1.611116, 1.219818, -3.023588, 0.7141554, 0.7144169, 0.7565544, 0.7567563
34.65598, -18.35027, 93.31363, -664.1912, 1.604993, 1.197455, -3.029636, 0.7211091, 0.7214124, 0.769659, 0.7698791
34.75799, -17.43827, 105.4901, -659.1008, 1.599248, 1.176225, -3.034731, 0.7233241, 0.7236986, 0.7742778, 0.7745432
34.85999, -16.53735, 117.3703, -653.8569, 1.594368, 1.154248, -3.039446, 0.7204996, 0.7207503, 0.7688659, 0.7690484
34.961, -15.63509, 129.122, -648.3937, 1.589716, 1.133213, -3.043502, 0.7207235, 0.7209959, 0.7696227, 0.76982
35.06201, -14.71774, 140.9226, -642.627, 1.585558, 1.110981, -3.047373, 0.7221606, 0.7224122, 0.7718676, 0.7720482
35.16501, -13.79949, 152.5828, -636.6498, 1.581525, 1.090113, -3.050667, 0.7181342, 0.7183473, 0.764726, 0.7648841
35.26702, -12.88112, 164.095, -630.472, 1.578106, 1.067614, -3.053894, 0.7188716, 0.7190143, 0.765276, 0.7653818
35.36802, -11.9457, 175.673, -623.9734, 1.574692, 1.046103, -3.056701, 0.7220286, 0.7222328, 0.7709484, 0.7710959
35.46903, -10.9736, 187.5302, -617.0159, 1.57154, 1.022968, -3.059465, 0.7270058, 0.7272281, 0.7788383, 0.7789935
35.57003, -10.02591, 198.9657, -610.0075, 1.568568, 1.001253, -3.061756, 0.7225758, 0.7227856, 0.7710967, 0.7712486
35.67104, -9.062181, 210.4291, -602.6799, 1.565838, 0.9783134, -3.064071, 0.7245133, 0.7246965, 0.773702, 0.7738335
35.77205, -8.081695, 221.9111, -595.028, 1.563133, 0.9558948, -3.066173, 0.7262082, 0.7263734, 0.7762165, 0.7763339
35.87305, -7.138526, 232.8917, -587.4059, 1.560763, 0.9331049, -3.068063, 0.7208228, 0.7210146, 0.7663088, 0.7664518
35.97506, -6.16643, 243.9948, -579.3875, 1.558337, 0.9108449, -3.069904, 0.7226968, 0.7228012, 0.7691292, 0.7692062
36.07706, -5.163733, 255.2405, -570.9312, 1.556122, 0.8869045, -3.071514, 0.7268348, 0.7269255, 0.7752569, 0.7753223
36.17907, -4.174779, 266.2911, -562.2748, 1.553924, 0.8640496, -3.072887, 0.7256023, 0.7259285, 0.7732947, 0.7735317
36.28008, -3.170987, 277.1887, -553.3843, 1.551936, 0.8400478, -3.07434, 0.7272743, 0.7273358, 0.7754409, 0.7754853
36.38208, -2.354037, 285.9622, -545.959, 1.550346, 0.8210179, -3.075303, 0.6903759, 0.6897974, 0.7069955, 0.7064441
36.48209, -1.34793, 296.5243, -536.6826, 1.548515, 0.7978811, -3.076094, 0.7275233, 0.727598, 0.776073, 0.7761267
36.58309, -0.3600213, 306.8472, -527.2481, 1.546811, 0.774004, -3.076792, 0.7242993, 0.7246232, 0.7705712, 0.77081
36.6861, 0.6398126, 317.0865, -517.5131, 1.544992, 0.7511935, -3.077956, 0.7219077, 0.722106, 0.7668334, 0.7669817
36.78811, 1.642884, 327.2751, -507.433, 1.543341, 0.7262669, -3.079137, 0.7257166, 0.7260932, 0.7724083, 0.7726843
36.88911, 2.626097, 337.1397, -497.2689, 1.541618, 0.7028898, -3.080646, 0.7244619, 0.7247992, 0.770751, 0.7709994
36.99012, 3.441481, 345.1051, -488.7601, 1.540326, 0.6828965, -3.081754, 0.6879759, 0.6873099, 0.7056402, 0.7050094
37.09112, 4.398032, 354.4345, -478.4224, 1.538813, 0.6591489, -3.082759, 0.7203223, 0.7205228, 0.7639809, 0.7641329
37.19213, 5.355823, 363.6392, -467.8104, 1.537309, 0.6353006, -3.083664, 0.7212552, 0.7215052, 0.7653658, 0.7655543
37.29313, 6.303088, 372.486, -457.1831, 1.535944, 0.6108793, -3.084326, 0.7177193, 0.7177178, 0.7596768, 0.7596757
37.39414, 7.23596, 381.0912, -446.4048, 1.534543, 0.5872902, -3.084931, 0.71605, 0.7161846, 0.7577788, 0.757883
37.49514, 8.154207, 389.4469, -435.49, 1.533192, 0.5631397, -3.085494, 0.7144094, 0.7146651, 0.7556672, 0.7558663
37.59615, 9.071488, 397.5207, -424.4821, 1.531897, 0.53937, -3.085824, 0.7120476, 0.7120762, 0.7525947, 0.7526172
37.69715, 10.02593, 405.7733, -412.718, 1.530582, 0.5134045, -3.086357, 0.7213593, 0.7216312, 0.767135, 0.7673371
37.79816, 10.89734, 413.2054, -401.6406, 1.529323, 0.490226, -3.086843, 0.7049915, 0.7051825, 0.7428502, 0.7430047
37.90017, 11.76811, 420.4349, -390.385, 1.528124, 0.4658311, -3.087604, 0.7027783, 0.7027748, 0.7396398, 0.739637
38.00117, 12.63011, 427.3888, -379.0659, 1.526924, 0.4428336, -3.088095, 0.7020893, 0.7019564, 0.7396671, 0.7395591
38.10218, 13.50085, 434.3337, -367.234, 1.525785, 0.4176907, -3.088339, 0.7080071, 0.70827, 0.7492671, 0.7494734
38.20419, 14.38303, 441.052, -355.2273, 1.524643, 0.3934994, -3.088413, 0.7055479, 0.7054424, 0.7462214, 0.746138
38.30519, 15.20867, 447.3275, -343.464, 1.523558, 0.3693246, -3.088469, 0.699543, 0.6998965, 0.7378356, 0.738122
38.4072, 16.04885, 453.4117, -331.4943, 1.522452, 0.3453963, -3.088796, 0.6981708, 0.6980835, 0.7362227, 0.7361517
38.5072, 16.85832, 459.1361, -319.6541, 1.521444, 0.3212323, -3.088766, 0.696843, 0.6969073, 0.7349581, 0.7350104
38.60821, 17.6527, 464.5629, -307.8548, 1.52043, 0.2982444, -3.088669, 0.6905732, 0.6905135, 0.726184, 0.7261342
38.70921, 18.4877, 469.9821, -295.4348, 1.519445, 0.2733501, -3.088446, 0.6998787, 0.6996984, 0.7404755, 0.7403321
38.81122, 19.11519, 474.0665, -285.611, 1.518661, 0.2539382, -3.088167, 0.6353818, 0.6346849, 0.6317317, 0.6309752
38.91222, 19.92316, 479.0215, -273.0814, 1.517652, 0.2301935, -3.08816, 0.6969944, 0.6970084, 0.7371795, 0.7371907
39.01323, 20.69039, 483.6816, -260.6074, 1.516696, 0.2059213, -3.088454, 0.6932505, 0.6936802, 0.7319732, 0.7323225
39.11423, 21.44564, 488.0131, -248.3797, 1.515771, 0.183768, -3.088829, 0.6866755, 0.6864781, 0.7219514, 0.721786
39.21524, 22.19849, 492.2392, -235.7905, 1.514924, 0.1603128, -3.088799, 0.6924282, 0.6926146, 0.7296106, 0.7297639
39.31525, 22.91708, 496.1782, -223.3862, 1.514022, 0.1385681, -3.089268, 0.6894718, 0.6897624, 0.7250759, 0.7253183
39.41626, 23.61141, 499.8492, -211.2045, 1.513201, 0.1165518, -3.089694, 0.6816087, 0.6816469, 0.7119979, 0.7120311
39.51726, 24.29025, 503.3204, -199.0634, 1.512371, 0.09599411, -3.089976, 0.6798102, 0.6797959, 0.7082453, 0.7082326
39.61827, 24.96567, 506.6353, -186.8627, 1.511627, 0.07483481, -3.089866, 0.6809675, 0.6808835, 0.7079115, 0.7078367
39.71927, 25.63678, 509.8139, -174.5511, 1.510869, 0.05450773, -3.089629, 0.6832128, 0.6832153, 0.7092198, 0.709222
39.82028, 26.2582, 512.6886, -162.8403, 1.510175, 0.03450668, -3.08933, 0.6695286, 0.6695714, 0.6861924, 0.6862335
39.92128, 26.88855, 515.5375, -150.6266, 1.509366, 0.01471509, -3.089392, 0.6811866, 0.6816208, 0.7016222, 0.7020268
40.02229, 27.51297, 518.1802, -138.4912, 1.508595, -0.005905837, -3.089626, 0.6786416, 0.6787107, 0.6972213, 0.6972865
40.1253, 28.09744, 520.522, -126.8532, 1.507847, -0.02479542, -3.089665, 0.6590279, 0.6588269, 0.6684902, 0.668288
40.2263, 28.68061, 522.6548, -114.7934, 1.507124, -0.04492769, -3.089483, 0.6695774, 0.6697992, 0.691864, 0.6920694
40.32831, 29.19596, 523.8954, -103.1675, 1.506414, -0.06358229, -3.089282, 0.6254821, 0.6253803, 0.6743203, 0.6742384
40.42931, 29.69518, 524.9714, -91.60898, 1.505748, -0.0828153, -3.088975, 0.6262845, 0.6263985, 0.675221, 0.6753126
40.53032, 30.16616, 525.8589, -80.51488, 1.505092, -0.1004655, -3.08866, 0.6119331, 0.6118093, 0.6552144, 0.6551104
40.63132, 30.61982, 526.595, -69.60143, 1.504477, -0.1183263, -3.088342, 0.6058447, 0.6057213, 0.6464052, 0.6462995
40.73333, 31.09051, 527.2339, -57.95589, 1.503767, -0.1362472, -3.087758, 0.624184, 0.6247213, 0.6720576, 0.6724931
40.83434, 31.51542, 527.7053, -46.95879, 1.502949, -0.1536941, -3.085569, 0.6072715, 0.6085868, 0.6484963, 0.6496178
40.93534, 31.84948, 528.0068, -37.81047, 1.501722, -0.1675424, -3.079532, 0.5355529, 0.5380279, 0.536974, 0.5395908
41.03635, 32.25135, 528.2627, -26.98518, 1.498567, -0.1828332, -3.062204, 0.5984216, 0.6067681, 0.6366553, 0.6439323
41.13735, 32.72798, 528.4039, -16.53107, 1.492793, -0.1977158, -3.026124, 0.5825455, 0.5976351, 0.6143602, 0.6280723
41.23836, 33.41116, 528.4384, -6.302441, 1.482094, -0.2103837, -2.971938, 0.5715345, 0.5931861, 0.5990013, 0.6191871
41.33936, 34.42427, 528.3724, 3.46994, 1.467487, -0.2223132, -2.88948, 0.5521414, 0.5813312, 0.5691488, 0.5978531
41.44037, 35.98796, 528.2011, 13.26247, 1.445459, -0.2317233, -2.78485, 0.5549424, 0.5902421, 0.5723618, 0.6069821
41.54037, 38.12877, 527.9383, 22.36385, 1.419691, -0.2379621, -2.666188, 0.5398704, 0.5755221, 0.5445538, 0.5815721
41.64138, 41.13126, 527.5649, 31.37911, 1.38626, -0.2395591, -2.53216, 0.5510216, 0.5849708, 0.5569071, 0.591961
41.74239, 44.97979, 527.0912, 39.76311, 1.351408, -0.234675, -2.374475, 0.5517341, 0.5820652, 0.5529216, 0.5848957
41.84439, 49.63079, 526.5319, 47.25259, 1.31474, -0.2224972, -2.211633, 0.5507196, 0.5704782, 0.5453756, 0.5668331
41.9454, 54.83387, 525.9268, 53.50198, 1.28317, -0.2019083, -2.025546, 0.5464453, 0.5569641, 0.5362777, 0.5479553
42.04641, 60.70221, 525.2743, 58.6704, 1.25498, -0.1739164, -1.823428, 0.5546433, 0.5633584, 0.5504283, 0.5598653
42.14741, 66.80237, 524.636, 62.41351, 1.236041, -0.1379124, -1.606008, 0.5516517, 0.5553433, 0.5501812, 0.5541332
42.24842, 73.32864, 524.0067, 64.83123, 1.225545, -0.09638086, -1.384181, 0.5656232, 0.5753692, 0.5787479, 0.5884953
42.34942, 79.55703, 523.4816, 65.65209, 1.227209, -0.04898399, -1.148832, 0.5660657, 0.5743966, 0.587025, 0.5950529
42.45043, 84.99031, 523.1223, 65.01902, 1.240362, -0.004675271, -0.9343883, 0.5650031, 0.5646967, 0.5915565, 0.5912691
42.55143, 89.62068, 522.9477, 63.1277, 1.263179, 0.03938946, -0.7175531, 0.5730163, 0.5734016, 0.6057833, 0.6061327
42.65244, 93.08514, 522.9798, 60.33606, 1.294053, 0.07504363, -0.5320232, 0.5772001, 0.5700181, 0.6115509, 0.6051019
42.75344, 95.49603, 523.2065, 56.859, 1.32784, 0.1048121, -0.3592939, 0.5869154, 0.578593, 0.6220177, 0.6146063
42.85445, 96.80707, 523.5747, 53.25739, 1.361618, 0.123513, -0.2283557, 0.5846309, 0.5689395, 0.6157332, 0.6014502
42.95546, 97.3194, 524.0962, 49.33882, 1.393738, 0.1355563, -0.1102061, 0.5959755, 0.5800318, 0.6272983, 0.6128706
43.05647, 97.12598, 524.6905, 45.68503, 1.421628, 0.1401987, -0.02249462, 0.588074, 0.5684686, 0.6136953, 0.5953481
43.15747, 96.40913, 525.3647, 42.18152, 1.443944, 0.1403222, 0.05417474, 0.5857394, 0.5653591, 0.6077785, 0.5883293
43.25847, 95.32629, 526.0776, 39.00611, 1.462249, 0.1376842, 0.1137042, 0.5760191, 0.5548761, 0.5918071, 0.5709261
43.35948, 93.85549, 526.8896, 35.88282, 1.476521, 0.1330916, 0.1702503, 0.5802036, 0.5577322, 0.5939837, 0.5715792
43.46049, 92.19785, 527.7114, 33.10964, 1.487291, 0.128455, 0.2138488, 0.5681153, 0.5461487, 0.5751076, 0.5524279
43.56149, 90.42406, 528.538, 30.6245, 1.494176, 0.1239438, 0.2516651, 0.5568295, 0.5366365, 0.5574525, 0.5359626
43.6635, 88.52226, 529.3959, 28.30435, 1.498845, 0.1203168, 0.28148, 0.5510398, 0.531484, 0.5464798, 0.5251746
43.7645, 86.63246, 530.2377, 26.23207, 1.501036, 0.1175236, 0.3060099, 0.5399235, 0.5236182, 0.5282881, 0.5099884
43.86551, 84.69756, 531.1013, 24.27435, 1.501641, 0.1157904, 0.3241898, 0.5364918, 0.5211753, 0.5199931, 0.5024536
43.96651, 82.74689, 531.9817, 22.41441, 1.500889, 0.1149172, 0.338291, 0.5330808, 0.5191963, 0.5116376, 0.4954192
44.06852, 80.9335, 532.8085, 20.75248, 1.499248, 0.1149125, 0.3467821, 0.5151582, 0.5082026, 0.4842843, 0.4758938
44.16953, 79.07037, 533.6701, 19.07977, 1.49693, 0.1157036, 0.3512804, 0.5212085, 0.5120646, 0.4899063, 0.4788333
44.27053, 77.33298, 534.4893, 17.52258, 1.494245, 0.1170897, 0.3512998, 0.5100436, 0.5056951, 0.4719661, 0.4665843
44.37154, 75.63551, 535.3091, 15.97521, 1.491426, 0.1191032, 0.3468838, 0.5095249, 0.505753, 0.4688899, 0.4641778
44.47255, 74.03005, 536.1074, 14.46202, 1.488396, 0.1213776, 0.338398, 0.505239, 0.5034985, 0.460729, 0.4585273
44.57355, 72.58212, 536.8544, 13.02986, 1.485468, 0.1238025, 0.3254458, 0.4950778, 0.4974198, 0.4441719, 0.4471898
44.67455, 71.20477, 537.6007, 11.56623, 1.482156, 0.1262553, 0.3074619, 0.4971481, 0.4986592, 0.4451749, 0.4471316
44.77556, 69.9628, 538.3218, 10.10536, 1.478775, 0.1287899, 0.2828322, 0.4947314, 0.4969447, 0.439798, 0.4426911
44.87657, 68.91042, 538.9921, 8.692158, 1.475104, 0.1310244, 0.2552839, 0.4868578, 0.4919586, 0.4268699, 0.4336286
44.97757, 67.99686, 539.6519, 7.240326, 1.471257, 0.1332374, 0.2213741, 0.4889466, 0.4929053, 0.4280564, 0.4333251
45.07958, 67.27236, 540.274, 5.8104, 1.467018, 0.1350804, 0.1865731, 0.4832483, 0.4888889, 0.4181599, 0.4257536
45.18259, 66.72438, 540.8772, 4.365799, 1.462768, 0.1367693, 0.1468204, 0.482375, 0.487677, 0.4149414, 0.4221346
45.28459, 66.38216, 541.4324, 2.985906, 1.458434, 0.138034, 0.1093125, 0.4768226, 0.4835471, 0.4049452, 0.4141776
45.3856, 66.2141, 541.9844, 1.577193, 1.45428, 0.1390451, 0.07028741, 0.4810394, 0.4872491, 0.4083861, 0.4169522
45.4866, 66.21557, 542.5166, 0.2042516, 1.450315, 0.1396147, 0.03736167, 0.4786611, 0.4859925, 0.4019573, 0.412192
45.58861, 66.35472, 543.0418, -1.133778, 1.44726, 0.1397607, 0.006890025, 0.4767396, 0.4839942, 0.3954191, 0.4056926
45.68961, 66.57939, 543.5272, -2.326257, 1.444899, 0.1394808, -0.01463648, 0.4677884, 0.4747989, 0.3784053, 0.3885496
45.79062, 66.87406, 544.0198, -3.470641, 1.443262, 0.1388292, -0.03247545, 0.4669061, 0.4734764, 0.3718017, 0.3814807
45.89162, 67.2094, 544.5096, -4.526173, 1.442208, 0.1379747, -0.0454971, 0.4625717, 0.4683619, 0.3596656, 0.3683878
45.99263, 67.55921, 544.9871, -5.471754, 1.441708, 0.137, -0.05549063, 0.4559554, 0.4603664, 0.3444738, 0.3512732
46.09364, 67.93691, 545.4877, -6.376686, 1.441563, 0.1360525, -0.06285693, 0.4561722, 0.4603797, 0.3375588, 0.3441872
46.19464, 68.30944, 545.9786, -7.186249, 1.441694, 0.1351893, -0.06839403, 0.4502006, 0.4529549, 0.3234837, 0.3279147
46.29665, 68.67701, 546.4672, -7.925395, 1.442001, 0.1345213, -0.07212096, 0.445321, 0.4467852, 0.3115343, 0.3139326
46.39766, 69.0471, 546.9684, -8.623871, 1.442395, 0.1339397, -0.07482877, 0.4451904, 0.4463664, 0.3052195, 0.3071806
46.49966, 69.4098, 547.4729, -9.269274, 1.442853, 0.1333962, -0.07642266, 0.4416781, 0.4418792, 0.2953206, 0.2956615
46.60067, 69.74789, 547.9592, -9.834719, 1.44327, 0.132739, -0.07723419, 0.4359956, 0.4348252, 0.2831918, 0.2811784
46.70167, 70.09774, 548.4828, -10.37831, 1.443695, 0.1318786, -0.07741162, 0.4381958, 0.4377424, 0.2768755, 0.276076
46.80268, 70.43098, 549.002, -10.85066, 1.44402, 0.1307729, -0.07704498, 0.4331681, 0.4319476, 0.2637505, 0.2615578
46.90368, 70.69661, 549.4279, -11.1921, 1.444222, 0.129791, -0.0764341, 0.4150061, 0.4097025, 0.248182, 0.2451982
47.00469, 71.00814, 549.9343, -11.55085, 1.44436, 0.1286026, -0.07543249, 0.4239132, 0.4221563, 0.2472577, 0.2462319
47.10669, 71.30499, 550.4146, -11.84956, 1.44437, 0.1274022, -0.07416384, 0.4159432, 0.4137064, 0.2437024, 0.2424701
47.2077, 71.58825, 550.8588, -12.09431, 1.444253, 0.126313, -0.07280982, 0.4083412, 0.4061748, 0.2408863, 0.2397494
47.30871, 71.86185, 551.26, -12.29323, 1.444023, 0.1252562, -0.07131088, 0.3994266, 0.3975394, 0.2385662, 0.2376222
47.40971, 72.1205, 551.6082, -12.44739, 1.44367, 0.1243699, -0.06991199, 0.3892367, 0.3872003, 0.2365966, 0.2356282
47.51172, 72.37337, 551.9161, -12.56694, 1.443241, 0.123513, -0.06844693, 0.3804927, 0.3788036, 0.2349486, 0.2341776
47.61272, 72.57024, 552.1308, -12.63912, 1.442826, 0.122914, -0.06737853, 0.3656764, 0.3600615, 0.2341795, 0.2317825
47.71373, 72.80289, 552.3546, -12.70159, 1.442253, 0.1222671, -0.06621929, 0.3646376, 0.3631682, 0.2326686, 0.2320427
47.81374, 73.03008, 552.5402, -12.73947, 1.441665, 0.1216427, -0.06514593, 0.3571481, 0.3563013, 0.2316221, 0.2312721
47.91374, 73.24317, 552.6835, -12.7548, 1.441044, 0.1211113, -0.06431346, 0.3490788, 0.3476677, 0.2309716, 0.2304069
48.01474, 73.45696, 552.7963, -12.75107, 1.440405, 0.120588, -0.06360665, 0.3423576, 0.3415827, 0.230162, 0.2298597
48.11575, 73.66773, 552.869, -12.729, 1.439758, 0.12009, -0.0630553, 0.3343726, 0.3341339, 0.2295471, 0.2294565
48.21676, 73.87358, 552.8982, -12.69158, 1.439129, 0.1196552, -0.0626549, 0.326054, 0.3261227, 0.2291959, 0.2292213
48.31876, 74.07127, 552.8863, -12.64453, 1.438505, 0.1193564, -0.06241328, 0.3187433, 0.3183744, 0.2292992, 0.2291659
48.42277, 74.26997, 552.8337, -12.59132, 1.437902, 0.1192014, -0.06229176, 0.311767, 0.311742, 0.2294803, 0.2294715
48.52578, 74.46812, 552.7396, -12.53833, 1.437285, 0.11923, -0.06228735, 0.3047082, 0.3055204, 0.2298941, 0.2301783
48.62678, 74.65594, 552.6122, -12.49349, 1.436747, 0.1194367, -0.06237909, 0.2996792, 0.3001424, 0.230852, 0.2310129
48.72779, 74.84109, 552.449, -12.45856, 1.436203, 0.1197726, -0.06253558, 0.2946598, 0.2952497, 0.2319128, 0.2321168
48.82879, 75.02553, 552.2495, -12.43617, 1.435701, 0.1202448, -0.06275395, 0.2897612, 0.290683, 0.2331204, 0.2334383
48.9298, 75.20667, 552.0173, -12.4285, 1.435212, 0.1207864, -0.06299855, 0.2857926, 0.286632, 0.2344858, 0.2347754
49.0308, 75.38801, 551.7487, -12.43642, 1.434763, 0.1214279, -0.06327828, 0.2811237, 0.282388, 0.2359023, 0.2363386
49.13481, 75.56596, 551.4496, -12.45999, 1.434322, 0.1220781, -0.06355036, 0.2793722, 0.2796431, 0.2373005, 0.2373943
49.23582, 75.71085, 551.1795, -12.49062, 1.433981, 0.1226384, -0.06377503, 0.2853476, 0.2813453, 0.238147, 0.2367443
49.33682, 75.88562, 550.822, -12.54082, 1.433588, 0.1233398, -0.06404079, 0.2704435, 0.2717676, 0.2398655, 0.2403242
49.43783, 76.05266, 550.4471, -12.60168, 1.433207, 0.1239894, -0.06426758, 0.269051, 0.2694238, 0.2409439, 0.2410733
49.53883, 76.22256, 550.0317, -12.67577, 1.432838, 0.124675, -0.06448129, 0.2630427, 0.2643737, 0.2422827, 0.2427437
49.63984, 76.38469, 549.6024, -12.75731, 1.432475, 0.1253125, -0.06465213, 0.2619421, 0.2623016, 0.243125, 0.2432496
49.74084, 76.54622, 549.1418, -12.84858, 1.432124, 0.1259748, -0.06479704, 0.2573951, 0.2581218, 0.2442036, 0.244455
49.84185, 76.70386, 548.6593, -12.94703, 1.431759, 0.1266024, -0.06490231, 0.2544639, 0.2549586, 0.245057, 0.2452279
49.94286, 76.86143, 548.1436, -13.05441, 1.431402, 0.127275, -0.06498039, 0.249781, 0.2503718, 0.2461098, 0.2464642
50.04386, 77.01321, 547.6171, -13.16623, 1.43103, 0.1279076, -0.06502342, 0.2494642, 0.2495815, 0.2466731, 0.2467952
50.14487, 77.1386, 547.1694, -13.26401, 1.430723, 0.1284372, -0.06503895, 0.2637455, 0.2589823, 0.2452411, 0.2435761
50.24687, 77.29249, 546.6052, -13.38875, 1.430355, 0.1290608, -0.0650338, 0.2480262, 0.248358, 0.2478928, 0.2482454
50.34788, 77.44819, 546.0183, -13.51683, 1.42995, 0.1295641, -0.06500655, 0.2464292, 0.2470937, 0.2484869, 0.2492061
50.45089, 77.60129, 545.4261, -13.64068, 1.429581, 0.1299924, -0.06495644, 0.2467616, 0.2471576, 0.2480515, 0.2484773
50.55389, 77.71898, 544.9633, -13.7315, 1.429283, 0.1302281, -0.06488271, 0.2632214, 0.2573811, 0.2448657, 0.2428393
50.6549, 77.86504, 544.3845, -13.8357, 1.428938, 0.1304342, -0.06451693, 0.2463909, 0.2467219, 0.2468544, 0.247208
50.75591, 78.00752, 543.8121, -13.9275, 1.428702, 0.1305801, -0.0631488, 0.246348, 0.2467175, 0.2458664, 0.2462582
50.85591, 78.14931, 543.2133, -14.01168, 1.428637, 0.1306882, -0.05980808, 0.2437956, 0.2449369, 0.2455275, 0.2467598
50.95692, 78.27195, 542.6185, -14.08423, 1.428849, 0.130785, -0.05329159, 0.243784, 0.2449455, 0.2444651, 0.2457085
51.05792, 78.36116, 542.0275, -14.14581, 1.429401, 0.1308576, -0.0441191, 0.2433747, 0.2444206, 0.2436785, 0.2447946
51.15993, 78.40495, 541.4344, -14.19583, 1.430201, 0.1308707, -0.03202541, 0.2428834, 0.2436727, 0.2429149, 0.2437553
51.26093, 78.3996, 540.8657, -14.22907, 1.431179, 0.1307713, -0.02052343, 0.2432404, 0.2435023, 0.2418325, 0.2421079
51.36194, 78.35409, 540.3074, -14.24291, 1.432145, 0.1305049, -0.009617979, 0.2429304, 0.2429514, 0.2405718, 0.2405936
51.46394, 78.2769, 539.7559, -14.23274, 1.433136, 0.1300605, -0.0008208539, 0.2425877, 0.2424537, 0.2389816, 0.2388432
51.56395, 78.1908, 539.29, -14.20048, 1.4339, 0.1294698, 0.005731218, 0.2461952, 0.2460831, 0.2364388, 0.2363288
51.66496, 78.06641, 538.7299, -14.12349, 1.434705, 0.1283644, 0.01243743, 0.2389743, 0.2386444, 0.2351833, 0.2348433
51.76596, 77.92445, 538.1675, -13.98597, 1.435429, 0.1266875, 0.01740262, 0.236521, 0.2361158, 0.2316145, 0.2312011
51.86697, 77.77323, 537.6134, -13.76094, 1.435971, 0.1239239, 0.02122257, 0.2337223, 0.2333055, 0.2263687, 0.2259527
51.96797, 77.62293, 537.086, -13.42642, 1.436378, 0.1202558, 0.02375952, 0.2312367, 0.2309224, 0.2198801, 0.2195776
52.06898, 77.47623, 536.5817, -12.9619, 1.436638, 0.1153964, 0.02562508, 0.2278915, 0.2276796, 0.2127127, 0.2125163
52.17199, 77.32851, 536.0773, -12.32587, 1.436816, 0.1098323, 0.0269342, 0.2231766, 0.2229623, 0.2048246, 0.2046325
52.27199, 77.18467, 535.5845, -11.51852, 1.436906, 0.103403, 0.02793162, 0.2172083, 0.216901, 0.1962051, 0.1959383
52.374, 77.04426, 535.0994, -10.52904, 1.436941, 0.09694113, 0.02863692, 0.2132336, 0.2129654, 0.1891462, 0.1889215
52.477, 76.91029, 534.6303, -9.387552, 1.43694, 0.09030929, 0.02917839, 0.2101744, 0.2099807, 0.1834434, 0.1832863
52.57801, 76.80684, 534.2634, -8.386054, 1.436929, 0.08549914, 0.0294955, 0.2166128, 0.2171194, 0.1870987, 0.1875008
52.67902, 76.68552, 533.8281, -7.103258, 1.436914, 0.08036421, 0.02978052, 0.2066326, 0.2065437, 0.1771562, 0.1770867
52.78002, 76.56398, 533.3869, -5.723419, 1.436907, 0.07564889, 0.02999551, 0.2039009, 0.2037507, 0.173829, 0.1737129
52.88102, 76.44659, 532.9579, -4.32854, 1.436914, 0.07203234, 0.03012432, 0.2037777, 0.2037014, 0.1732174, 0.1731586
52.98203, 76.3321, 532.5376, -2.933533, 1.436936, 0.06894371, 0.03019766, 0.2038606, 0.2038422, 0.1731025, 0.1730883
53.08403, 76.21484, 532.1071, -1.49393, 1.436979, 0.06651831, 0.03021725, 0.2027812, 0.2027069, 0.1721213, 0.1720644
53.18504, 76.11822, 531.7537, -0.3109805, 1.437029, 0.06482409, 0.03019816, 0.210809, 0.211317, 0.1800023, 0.1803963
53.28704, 76.0021, 531.3328, 1.09718, 1.437105, 0.06313834, 0.03013646, 0.2035209, 0.2034622, 0.1730779, 0.1730327
53.38705, 75.89153, 530.9366, 2.416073, 1.437199, 0.06186729, 0.03004882, 0.2053777, 0.2054087, 0.1751117, 0.1751356
53.49106, 75.77707, 530.5319, 3.752259, 1.437309, 0.060702, 0.02992747, 0.2062895, 0.20633, 0.1762577, 0.1762892
53.59206, 75.66563, 530.1436, 5.021267, 1.437436, 0.0597428, 0.02979539, 0.2070098, 0.2070374, 0.1772615, 0.177283
53.69607, 75.55716, 529.7712, 6.225501, 1.437566, 0.05883439, 0.02964652, 0.2101864, 0.2103914, 0.1806512, 0.1808123
53.79707, 75.44504, 529.3925, 7.433638, 1.437723, 0.05799364, 0.02949646, 0.2085493, 0.208546, 0.179417, 0.1794145
53.90008, 75.33067, 529.0127, 8.624728, 1.437881, 0.05706964, 0.02932936, 0.2095993, 0.2095926, 0.1808617, 0.1808564
54.00109, 75.22054, 528.6533, 9.735416, 1.438049, 0.0562022, 0.02917876, 0.2113202, 0.2113674, 0.1829262, 0.1829638
54.1031, 75.12875, 528.3583, 10.63714, 1.438193, 0.05545354, 0.0290571, 0.2191883, 0.2198526, 0.1909151, 0.1914513
54.2041, 75.015, 527.9988, 11.7259, 1.438372, 0.05448588, 0.02891237, 0.2116404, 0.211558, 0.1838142, 0.183748
54.30411, 74.90457, 527.6561, 12.75437, 1.438558, 0.05358087, 0.02878948, 0.2132427, 0.2132141, 0.185667, 0.1856439
54.40511, 74.79208, 527.3134, 13.77403, 1.438743, 0.05263974, 0.02867467, 0.2137305, 0.213659, 0.1864145, 0.1863567
54.50612, 74.68069, 526.9808, 14.75597, 1.438936, 0.05176841, 0.02858096, 0.2149441, 0.2148908, 0.1878561, 0.1878128
54.60712, 74.59083, 526.7172, 15.5292, 1.43909, 0.05107164, 0.02851577, 0.2228948, 0.223546, 0.1958692, 0.1964043
54.70813, 74.47912, 526.3952, 16.46688, 1.439276, 0.05021009, 0.02844829, 0.2162711, 0.2161833, 0.1895964, 0.1895246
54.80913, 74.3685, 526.0831, 17.3697, 1.439468, 0.04942092, 0.02839997, 0.2174383, 0.2173722, 0.1909757, 0.1909214
54.90914, 74.25266, 525.7632, 18.28934, 1.439659, 0.04858557, 0.02836331, 0.216278, 0.2160004, 0.1900636, 0.1898354
55.01014, 74.1573, 525.5051, 19.02783, 1.439817, 0.04792679, 0.02834461, 0.2236547, 0.2240781, 0.1974906, 0.1978419
55.11116, 74.03596, 525.1837, 19.94301, 1.440017, 0.04711684, 0.02833328, 0.2165401, 0.2161, 0.1906932, 0.19033
55.21216, 73.9361, 524.925, 20.67696, 1.440175, 0.046449, 0.02833272, 0.2235799, 0.2238294, 0.1977839, 0.1979917
55.31316, 73.81847, 524.627, 21.5207, 1.440355, 0.04565397, 0.02834067, 0.2190975, 0.2187426, 0.1935152, 0.1932206
55.41517, 73.72282, 524.39, 22.19107, 1.4405, 0.04501641, 0.02835232, 0.2262885, 0.2267021, 0.2007414, 0.2010877
55.51718, 73.6264, 524.1558, 22.85365, 1.440645, 0.04437944, 0.02836725, 0.2265459, 0.2269223, 0.2010945, 0.2014101
55.61818, 73.50667, 523.8717, 23.65888, 1.440823, 0.0435947, 0.02838835, 0.2204572, 0.2199883, 0.1951447, 0.1947537
55.72018, 73.40731, 523.6416, 24.31357, 1.440967, 0.042927, 0.02840716, 0.2267834, 0.2270325, 0.2015023, 0.2017117
55.82119, 73.29022, 523.3768, 25.07081, 1.441129, 0.042111, 0.02842938, 0.2223457, 0.2219265, 0.1971092, 0.1967586
55.9222, 73.19492, 523.1666, 25.67657, 1.441263, 0.04144748, 0.02844567, 0.2285414, 0.228877, 0.2033513, 0.203634
56.0232, 73.08009, 522.9193, 26.39586, 1.441424, 0.04063775, 0.02846239, 0.2239356, 0.2235509, 0.1986817, 0.1983594
56.12421, 72.99049, 522.7311, 26.94991, 1.441548, 0.03998281, 0.02847292, 0.2307585, 0.2312819, 0.2055983, 0.2060403
56.22522, 72.87498, 522.4945, 27.65626, 1.441705, 0.0390971, 0.02848258, 0.2246239, 0.2241681, 0.1992344, 0.1988527
56.32722, 72.78206, 522.309, 28.21942, 1.441832, 0.03837609, 0.02848659, 0.230721, 0.2311122, 0.2054702, 0.2058004
56.42823, 72.67167, 522.0945, 28.88239, 1.441988, 0.03752632, 0.02848695, 0.2265818, 0.2262551, 0.2010289, 0.2007552
56.52924, 72.57843, 521.9185, 29.43713, 1.442118, 0.03679661, 0.02848345, 0.2310141, 0.2313135, 0.205614, 0.2058664
56.63024, 72.47157, 521.7223, 30.06754, 1.442267, 0.03596912, 0.02847512, 0.2281104, 0.2278601, 0.2023983, 0.2021886
56.73124, 72.38509, 521.5681, 30.57261, 1.442394, 0.03534018, 0.02846551, 0.2331972, 0.2337266, 0.2078062, 0.2082535
56.83225, 72.27962, 521.3856, 31.18151, 1.442551, 0.03459778, 0.0284504, 0.2291904, 0.2289413, 0.2033293, 0.2031207
56.93325, 72.17099, 521.2044, 31.79988, 1.442711, 0.03384046, 0.02843082, 0.2289705, 0.2285721, 0.2029541, 0.202621
57.03526, 72.08485, 521.0654, 32.28439, 1.442842, 0.03326195, 0.02841329, 0.2344759, 0.2349908, 0.2089833, 0.2094185
57.13627, 71.97763, 520.8986, 32.87876, 1.443011, 0.03257091, 0.0283899, 0.2301712, 0.2297701, 0.2040036, 0.2036682
57.23727, 71.89355, 520.7725, 33.33931, 1.443143, 0.03202525, 0.02837002, 0.235435, 0.235959, 0.2098786, 0.2103216
57.33828, 71.79205, 520.6259, 33.88844, 1.443301, 0.03134547, 0.0283442, 0.2321765, 0.2319471, 0.2059756, 0.2057835
57.43928, 71.6945, 520.491, 34.40954, 1.443461, 0.03071278, 0.02831975, 0.2334052, 0.2333083, 0.2072198, 0.2071386
57.54029, 71.6129, 520.3826, 34.84076, 1.443594, 0.03016922, 0.02829881, 0.2369194, 0.2374837, 0.2112507, 0.2117281
57.6413, 71.50934, 520.2508, 35.38377, 1.44376, 0.02945045, 0.02827164, 0.2329536, 0.2325499, 0.2062748, 0.205938
57.74231, 71.42206, 520.1451, 35.83701, 1.443906, 0.02885239, 0.02824972, 0.2364036, 0.236665, 0.2102716, 0.2104916
57.84331, 71.31985, 520.0275, 36.36329, 1.444078, 0.02814116, 0.02822467, 0.2339967, 0.2335814, 0.207018, 0.2066721
57.94531, 71.23928, 519.9395, 36.77566, 1.444214, 0.02756801, 0.02820538, 0.2383552, 0.2389005, 0.2123313, 0.2127917
58.04732, 71.14221, 519.8391, 37.26951, 1.444375, 0.02685706, 0.02818263, 0.2357213, 0.2355036, 0.2086655, 0.2084839
58.14933, 71.04449, 519.7443, 37.76334, 1.444544, 0.02615592, 0.02816153, 0.235962, 0.2356823, 0.2086743, 0.2084414
58.25134, 70.96657, 519.6733, 38.15554, 1.44468, 0.02558728, 0.02814544, 0.2395438, 0.2401318, 0.2132652, 0.2137611
58.35234, 70.87031, 519.5913, 38.63829, 1.444842, 0.02484741, 0.02812589, 0.236633, 0.2363083, 0.208936, 0.2086666
58.45334, 70.77567, 519.517, 39.11139, 1.445009, 0.02413114, 0.02810835, 0.2372046, 0.2369169, 0.2093708, 0.2091322
58.55435, 70.69779, 519.4605, 39.50026, 1.445147, 0.02353562, 0.02809468, 0.2400746, 0.2405434, 0.2132309, 0.2136244
58.65535, 70.60374, 519.398, 39.96946, 1.445305, 0.02275592, 0.02807787, 0.2378082, 0.2374782, 0.2095179, 0.2092452
58.75636, 70.52881, 519.353, 40.34372, 1.445439, 0.02215432, 0.02806562, 0.2408902, 0.2414445, 0.2139057, 0.2143707
58.85737, 70.43753, 519.3035, 40.79998, 1.445603, 0.02141355, 0.02805123, 0.2386842, 0.2384135, 0.2100808, 0.2098576
58.95837, 70.36075, 519.2667, 41.18422, 1.44574, 0.02077037, 0.02803924, 0.2409606, 0.2413657, 0.2134145, 0.2137527
59.06038, 70.26885, 519.2286, 41.64587, 1.4459, 0.01996059, 0.02802467, 0.2391638, 0.238833, 0.2100079, 0.2097365
59.16238, 70.19418, 519.2018, 42.02231, 1.446034, 0.01930533, 0.0280132, 0.2416043, 0.2420943, 0.2139377, 0.2143464
59.26239, 70.10371, 519.1718, 42.47799, 1.446198, 0.01850476, 0.02799935, 0.2393182, 0.2389203, 0.2098585, 0.2095328
59.3634, 70.01631, 519.145, 42.91703, 1.446353, 0.0177175, 0.02798557, 0.2398752, 0.2396614, 0.210848, 0.2106723
59.46441, 69.92885, 519.1205, 43.3557, 1.446513, 0.0169648, 0.027972, 0.2399008, 0.2396688, 0.2108734, 0.2106826
59.56741, 69.85552, 519.1018, 43.72257, 1.446646, 0.01632923, 0.02796019, 0.2418998, 0.2424461, 0.2145916, 0.215049
59.66842, 69.76614, 519.0811, 44.16827, 1.446805, 0.01554617, 0.02794519, 0.239753, 0.2394002, 0.2105608, 0.2102711
59.77042, 69.6931, 519.066, 44.53075, 1.446937, 0.01491314, 0.02793272, 0.2418974, 0.2424019, 0.2146593, 0.215082
59.87143, 69.60183, 519.0493, 44.98315, 1.447107, 0.01415009, 0.02791729, 0.2396417, 0.2391684, 0.2102708, 0.209883
59.97243, 69.51531, 519.0359, 45.41082, 1.447262, 0.01338949, 0.02790144, 0.2402491, 0.2400015, 0.2114282, 0.2112242
60.07343, 69.447, 519.0269, 45.74715, 1.447387, 0.01280329, 0.02788892, 0.2424011, 0.2430826, 0.2157815, 0.2163561
60.17445, 69.36172, 519.0175, 46.16631, 1.447548, 0.01208744, 0.02787327, 0.2404779, 0.2402678, 0.2118398, 0.2116662
60.27545, 69.29018, 519.0114, 46.51669, 1.44768, 0.0114765, 0.02785961, 0.242054, 0.2425449, 0.2151189, 0.2155315
60.37645, 69.20098, 519.0059, 46.95275, 1.447841, 0.01069168, 0.0278416, 0.2401327, 0.2396993, 0.2110693, 0.2107129
60.47846, 69.13069, 519.0033, 47.29531, 1.447972, 0.0100969, 0.02782759, 0.2422799, 0.2428516, 0.2156845, 0.2161666
60.58147, 69.04238, 519.0021, 47.72417, 1.448139, 0.009364869, 0.02780982, 0.2405218, 0.2401954, 0.2118144, 0.2115451
60.68247, 68.9571, 519.0032, 48.1361, 1.448297, 0.008656504, 0.02779182, 0.2407313, 0.2404623, 0.2122397, 0.2120172
60.78447, 68.87354, 519.0065, 48.53602, 1.448459, 0.00802465, 0.02777462, 0.241109, 0.2409599, 0.2130105, 0.2128866
60.88549, 68.80197, 519.011, 48.87475, 1.448599, 0.007520194, 0.02775962, 0.2423235, 0.2427549, 0.215775, 0.216139
60.98649, 68.71478, 519.0187, 49.28036, 1.448766, 0.006957637, 0.02774068, 0.2410475, 0.2406533, 0.2126072, 0.2122809
61.08749, 68.64531, 519.0266, 49.59631, 1.448903, 0.006577824, 0.02772573, 0.2428956, 0.2434329, 0.2169508, 0.2174069
61.1895, 68.557, 519.0388, 49.98654, 1.449084, 0.006183505, 0.02770722, 0.2416718, 0.2412587, 0.2136081, 0.2132647
61.29051, 68.48791, 519.05, 50.28197, 1.449223, 0.005918124, 0.02769243, 0.2435014, 0.2440624, 0.2180455, 0.2185242
61.39151, 68.39988, 519.0664, 50.64474, 1.449397, 0.005624237, 0.02767316, 0.2424449, 0.2420044, 0.2148507, 0.2144825
61.49252, 68.33029, 519.0811, 50.92052, 1.44954, 0.005432991, 0.02765848, 0.2441353, 0.2446766, 0.2191217, 0.2195857
61.59352, 68.24014, 519.1022, 51.26289, 1.449729, 0.005222902, 0.02764007, 0.2432253, 0.2426783, 0.2159665, 0.2155076
61.69453, 68.16842, 519.1205, 51.52375, 1.449874, 0.005060225, 0.02762492, 0.2447181, 0.2451556, 0.2199799, 0.2203561
61.79553, 68.0825, 519.1445, 51.82389, 1.450044, 0.004862949, 0.0276066, 0.2443184, 0.2440001, 0.218135, 0.217865
61.89654, 68.01182, 519.1655, 52.06031, 1.450189, 0.004723573, 0.02759214, 0.2454349, 0.2459352, 0.2213099, 0.2217429
61.99755, 67.92811, 519.1921, 52.32831, 1.450363, 0.004586842, 0.02757521, 0.2452138, 0.2450198, 0.2198398, 0.2196738
62.09855, 67.84265, 519.2208, 52.58843, 1.450536, 0.004457719, 0.02755775, 0.2455561, 0.2452763, 0.2203082, 0.2200684
62.19956, 67.77337, 519.2455, 52.78957, 1.45068, 0.004374824, 0.02754389, 0.2464787, 0.2470702, 0.2232574, 0.2237738
62.30056, 67.68494, 519.2783, 53.0325, 1.450865, 0.00431896, 0.02752649, 0.2462973, 0.2458675, 0.2213216, 0.2209522
62.40157, 67.59911, 519.3118, 53.25258, 1.451041, 0.004320623, 0.02750919, 0.2468773, 0.2465958, 0.2225414, 0.222298
62.50358, 67.5266, 519.3414, 53.42594, 1.451192, 0.004358845, 0.02749495, 0.2475853, 0.2480661, 0.2249875, 0.22541
62.60558, 67.43678, 519.3789, 53.62447, 1.451384, 0.004440625, 0.02747784, 0.2478072, 0.247377, 0.2239316, 0.2235577
62.70758, 67.36626, 519.4088, 53.76746, 1.451532, 0.004528616, 0.02746422, 0.2483823, 0.2489972, 0.2266803, 0.2272253
62.80859, 67.27702, 519.4471, 53.93267, 1.451713, 0.004664255, 0.02744667, 0.2487451, 0.2483292, 0.2257365, 0.2253721
62.9106, 67.20361, 519.4791, 54.05586, 1.451867, 0.004782576, 0.02743289, 0.2491346, 0.2496221, 0.2278883, 0.2283224
63.0116, 67.11335, 519.5186, 54.19249, 1.452058, 0.004932431, 0.02741628, 0.2496404, 0.2491993, 0.2274205, 0.2270309
63.11261, 67.03993, 519.5512, 54.29245, 1.452209, 0.005058321, 0.02740248, 0.2498431, 0.2509529, 0.2292064, 0.2296321
63.21361, 66.94835, 519.5919, 54.40412, 1.452393, 0.005208318, 0.0273851, 0.251375, 0.2499731, 0.228921, 0.2284881
63.31562, 66.85983, 519.6315, 54.50062, 1.452574, 0.005311068, 0.02736901, 0.2521791, 0.2513937, 0.2297894, 0.2295531
63.41663, 66.79118, 519.6624, 54.56944, 1.452712, 0.005355013, 0.02735641, 0.2515523, 0.2538013, 0.2309648, 0.2316527
63.51763, 66.70285, 519.7025, 54.65186, 1.452886, 0.005376814, 0.02733995, 0.2534704, 0.2526081, 0.2305964, 0.2303344
63.61964, 66.61279, 519.7434, 54.72949, 1.453069, 0.005383971, 0.02732382, 0.2540331, 0.253062, 0.2309524, 0.230656
63.72165, 66.53983, 519.7767, 54.78793, 1.453216, 0.00538878, 0.02731069, 0.2530709, 0.2547742, 0.2317192, 0.2322449
63.82165, 66.44923, 519.8182, 54.85516, 1.453392, 0.005399953, 0.02729384, 0.2551648, 0.2538524, 0.2315532, 0.2311497
63.92266, 66.37737, 519.8512, 54.90424, 1.453535, 0.005415525, 0.02728072, 0.2537506, 0.2555289, 0.2322493, 0.2328019
64.02666, 66.28613, 519.8932, 54.96116, 1.45372, 0.00544523, 0.02726448, 0.2558049, 0.2549711, 0.2322593, 0.2320006
64.12767, 66.19566, 519.935, 55.01167, 1.453897, 0.005488118, 0.0272478, 0.2564843, 0.255388, 0.2325939, 0.2322524
64.22867, 66.12438, 519.968, 55.04725, 1.45404, 0.005528716, 0.027235, 0.254852, 0.2567424, 0.2330656, 0.233659
64.32868, 66.03294, 520.0101, 55.08764, 1.454225, 0.005587829, 0.0272188, 0.2575671, 0.2562055, 0.2332393, 0.2328118
64.42968, 65.96162, 520.0429, 55.1151, 1.454367, 0.005639432, 0.02720589, 0.2555344, 0.2574386, 0.233568, 0.2341695
64.53069, 65.8699, 520.0852, 55.14546, 1.454545, 0.005709691, 0.02718915, 0.2583731, 0.2571392, 0.2338704, 0.2334799
64.6317, 65.77853, 520.1272, 55.17048, 1.454731, 0.005777598, 0.02717318, 0.2587459, 0.2575887, 0.2341921, 0.2338245
64.7327, 65.70699, 520.16, 55.18671, 1.454872, 0.005831188, 0.02716034, 0.2565362, 0.2584313, 0.2342713, 0.2348751
64.83371, 65.61716, 520.2011, 55.20325, 1.455047, 0.005895836, 0.02714414, 0.2592277, 0.2583248, 0.2346865, 0.2343979
64.93472, 65.52755, 520.2449, 55.21592, 1.455227, 0.005954071, 0.02712842, 0.2600931, 0.2591919, 0.2349117, 0.2346224
65.03572, 65.45518, 520.2872, 55.22364, 1.455372, 0.005997182, 0.02711553, 0.2593301, 0.2609458, 0.2347839, 0.2353045
65.13673, 65.36818, 520.3576, 55.23045, 1.455546, 0.006036435, 0.02709929, 0.2658838, 0.2649367, 0.2351028, 0.2347935
65.23773, 65.30138, 520.4366, 55.23428, 1.455685, 0.006048349, 0.02708644, 0.2668482, 0.2686195, 0.2347343, 0.2353169
65.33974, 65.21112, 520.5925, 55.23799, 1.455885, 0.006038505, 0.02706838, 0.2828093, 0.2802663, 0.2350133, 0.2341478
65.44275, 65.14192, 520.7565, 55.23988, 1.45605, 0.006013472, 0.02705399, 0.2831329, 0.2834145, 0.2345503, 0.2346466
65.54375, 65.07755, 520.9472, 55.24101, 1.456205, 0.005975287, 0.02703935, 0.2887087, 0.2889862, 0.2343853, 0.2344816
65.64475, 65.01781, 521.1633, 55.24158, 1.456364, 0.005929481, 0.02702559, 0.2932864, 0.2937832, 0.2341999, 0.2343744
65.74776, 64.95873, 521.4224, 55.24174, 1.456523, 0.005869558, 0.02701059, 0.3002478, 0.3004065, 0.234025, 0.2340817
65.84877, 64.90315, 521.7165, 55.24151, 1.45669, 0.005803177, 0.02699621, 0.3073877, 0.3072621, 0.2338278, 0.2337821
65.94978, 64.85101, 522.0482, 55.24099, 1.456851, 0.00572359, 0.02698104, 0.3139166, 0.3136865, 0.233607, 0.2335218
66.05078, 64.80363, 522.4099, 55.24026, 1.457016, 0.005639663, 0.02696681, 0.3189143, 0.3188524, 0.2333808, 0.2333576
66.15178, 64.76142, 522.7939, 55.23944, 1.457169, 0.005545459, 0.02695251, 0.3225351, 0.3227877, 0.2331669, 0.2332625
66.25278, 64.72101, 523.2355, 55.2386, 1.457337, 0.00543982, 0.02693819, 0.3321489, 0.3318381, 0.232894, 0.2327734
66.35379, 64.68501, 523.7093, 55.23795, 1.457496, 0.00531764, 0.02692342, 0.3372256, 0.337011, 0.2326447, 0.2325604
66.4548, 64.65901, 524.118, 55.23768, 1.457627, 0.005212361, 0.02691195, 0.325835, 0.3276839, 0.2326407, 0.2333477
66.55581, 64.63032, 524.66, 55.23787, 1.457793, 0.005070445, 0.02689798, 0.3478216, 0.3475618, 0.232145, 0.23204
66.65681, 64.60587, 525.2356, 55.23886, 1.45795, 0.004907126, 0.0268836, 0.3528251, 0.3526243, 0.2318622, 0.23178
66.75782, 64.58584, 525.8345, 55.24089, 1.458109, 0.004737522, 0.02687019, 0.3561547, 0.356151, 0.2316057, 0.2316041
66.85883, 64.56969, 526.4606, 55.24418, 1.458262, 0.004548115, 0.02685666, 0.3600558, 0.3601402, 0.2313313, 0.2313665
66.95982, 64.55702, 527.1332, 55.24915, 1.458423, 0.004345977, 0.02684354, 0.3667894, 0.3666857, 0.2309703, 0.2309263
67.06184, 64.54826, 527.8246, 55.25588, 1.458573, 0.004120433, 0.02683018, 0.3682506, 0.3684263, 0.2307331, 0.2308079
67.16484, 64.54279, 528.5731, 55.26506, 1.458734, 0.003879803, 0.02681711, 0.3751881, 0.3751304, 0.2303299, 0.2303049
67.26585, 64.5409, 529.3109, 55.27608, 1.458879, 0.003624787, 0.02680431, 0.3754041, 0.375661, 0.2301229, 0.2302344
67.36685, 64.54226, 530.1235, 55.29052, 1.459043, 0.003356382, 0.02679177, 0.3857429, 0.3854782, 0.2295633, 0.2294454
67.46886, 64.54699, 531.0013, 55.3088, 1.459201, 0.00303467, 0.02677777, 0.3932272, 0.3926773, 0.2290623, 0.2288127
67.57187, 64.55434, 531.8447, 55.32865, 1.459356, 0.002737982, 0.02676564, 0.3870448, 0.3872054, 0.2291055, 0.2291772
67.67387, 64.56446, 532.7243, 55.35171, 1.459505, 0.002405543, 0.02675277, 0.392803, 0.3927564, 0.2286858, 0.2286647
67.77487, 64.57446, 533.4544, 55.37269, 1.459629, 0.00213518, 0.02674278, 0.3726625, 0.3742455, 0.2293562, 0.2300355
67.87589, 64.58916, 534.3792, 55.40165, 1.459785, 0.001794938, 0.02673072, 0.3994227, 0.3992515, 0.2280462, 0.2279675
67.97689, 64.60506, 535.2692, 55.43204, 1.459924, 0.001446557, 0.02671888, 0.3944562, 0.3947789, 0.228088, 0.2282344
68.0779, 64.62785, 536.4172, 55.47484, 1.460104, 0.001003652, 0.02670442, 0.4270222, 0.4254102, 0.2262698, 0.2254723
68.1829, 64.64886, 537.3845, 55.514, 1.460257, 0.0006404842, 0.02669297, 0.3991415, 0.3994477, 0.2274639, 0.2276041
68.28391, 64.67153, 538.3586, 55.55621, 1.460397, 0.0002460791, 0.02668089, 0.4045519, 0.4046277, 0.2270007, 0.2270358
68.38591, 64.69192, 539.19, 55.59439, 1.460519, -8.24383E-05, 0.02667098, 0.3839655, 0.3854797, 0.2278976, 0.2285627
68.48692, 64.72294, 540.399, 55.65317, 1.460693, -0.0005530662, 0.02664907, 0.4329806, 0.4315363, 0.2250509, 0.2243287
68.58792, 64.75017, 541.4191, 55.70345, 1.460838, -0.000876236, 0.02658638, 0.4096577, 0.409683, 0.2263485, 0.2263604
68.68893, 64.78309, 542.5035, 55.75153, 1.460972, -0.001106246, 0.02639253, 0.4178099, 0.4176733, 0.2261377, 0.226072
68.78993, 64.81871, 543.4554, 55.78584, 1.461067, -0.001226275, 0.02608263, 0.4010333, 0.4024643, 0.2273834, 0.2280452
68.89194, 64.88602, 544.981, 55.82726, 1.461183, -0.00134022, 0.02534512, 0.4667864, 0.4654721, 0.2243364, 0.2235981
68.99295, 64.93977, 546.0576, 55.84787, 1.461241, -0.001394718, 0.02468129, 0.417562, 0.4189442, 0.2274175, 0.2280938
69.09395, 65.03143, 547.7244, 55.86789, 1.461301, -0.001461298, 0.02353754, 0.4832546, 0.4822106, 0.2245447, 0.2239184
69.19595, 65.12251, 549.2418, 55.87539, 1.461334, -0.001516275, 0.02245313, 0.4669088, 0.4667876, 0.225972, 0.2259026
69.29697, 65.22351, 550.8135, 55.87406, 1.461351, -0.001578856, 0.02127373, 0.4743281, 0.4741823, 0.2260719, 0.2259859
69.39797, 65.30868, 552.0748, 55.86716, 1.461358, -0.001631607, 0.02038533, 0.440893, 0.4419839, 0.227958, 0.2285395
69.49898, 65.44437, 553.993, 55.84807, 1.461359, -0.001721147, 0.01907056, 0.507955, 0.5071819, 0.2252354, 0.2247202
69.59998, 65.56629, 555.6434, 55.82437, 1.461352, -0.001803375, 0.01799588, 0.4829861, 0.4829749, 0.2268727, 0.2268659
69.70198, 65.67537, 557.0704, 55.7991, 1.461339, -0.001880631, 0.0170457, 0.4586004, 0.4592826, 0.2282103, 0.2285984
69.80299, 65.81422, 558.8308, 55.76245, 1.461316, -0.001984322, 0.01580803, 0.4940188, 0.4938696, 0.2270198, 0.226924
69.904, 65.95338, 560.5372, 55.72166, 1.461281, -0.002083189, 0.01462223, 0.4890482, 0.4890472, 0.2275542, 0.2275536
70.005, 66.10102, 562.2883, 55.67491, 1.461233, -0.002192025, 0.01326746, 0.4935235, 0.4934652, 0.2276593, 0.2276218
70.10601, 66.2592, 564.1, 55.62172, 1.461168, -0.002301622, 0.01184751, 0.4993979, 0.4992812, 0.2276981, 0.2276211
70.20702, 66.41932, 565.8735, 55.56528, 1.461095, -0.002415647, 0.01033766, 0.4959929, 0.4959426, 0.2281118, 0.228079
70.30802, 66.5833, 567.6326, 55.50533, 1.461006, -0.002524765, 0.008857749, 0.4947941, 0.494768, 0.2284115, 0.2283945
70.40903, 66.75335, 569.402, 55.44135, 1.460904, -0.002640057, 0.007199383, 0.4959385, 0.4958669, 0.2286129, 0.2285658
70.51103, 66.96982, 571.5676, 55.35839, 1.460748, -0.002780479, 0.004979366, 0.5291477, 0.5288197, 0.2275034, 0.2272593
70.61304, 67.15852, 573.3731, 55.28571, 1.460595, -0.00289761, 0.003070295, 0.4979969, 0.4979449, 0.2289935, 0.2289589
70.71704, 67.36547, 575.2759, 55.20753, 1.460439, -0.003072487, 0.001041691, 0.5036098, 0.5035945, 0.2288596, 0.2288492
70.81805, 67.56978, 577.0936, 55.13427, 1.460295, -0.0032989, -0.0005016656, 0.5007706, 0.5008201, 0.2288903, 0.2289236
70.91906, 67.77388, 578.8709, 55.06445, 1.460179, -0.003539841, -0.001687365, 0.4969088, 0.4969693, 0.2289598, 0.2289998
71.02506, 67.98357, 580.671, 54.99315, 1.460081, -0.003724132, -0.002508027, 0.4910422, 0.4910853, 0.2292597, 0.2292876
71.12607, 68.2042, 582.5485, 54.91578, 1.460007, -0.003862382, -0.003114038, 0.5062445, 0.5063214, 0.2288358, 0.2288885
71.22707, 68.42753, 584.4395, 54.83313, 1.459949, -0.003948275, -0.003494775, 0.5076066, 0.5076721, 0.2290861, 0.2291314
71.32808, 68.64748, 586.2974, 54.74641, 1.459911, -0.004002501, -0.003745816, 0.504815, 0.5048421, 0.2295551, 0.2295738
71.42908, 68.8616, 588.1033, 54.65633, 1.459882, -0.004031568, -0.00389179, 0.5002492, 0.500239, 0.2300969, 0.2300899
71.53009, 69.08164, 589.9584, 54.55762, 1.45986, -0.004048646, -0.003989232, 0.5049815, 0.504975, 0.2303178, 0.2303134
71.6311, 69.30313, 591.8258, 54.45194, 1.459843, -0.004054478, -0.004042261, 0.5063175, 0.5063013, 0.2306727, 0.2306614
71.7321, 69.5305, 593.7421, 54.3368, 1.459828, -0.004047311, -0.004069438, 0.5109466, 0.510948, 0.2309402, 0.2309412
71.83311, 69.75024, 595.596, 54.21858, 1.459815, -0.004022957, -0.004075006, 0.5055595, 0.5055141, 0.2315333, 0.2315015
71.93411, 69.97897, 597.5265, 54.0878, 1.459801, -0.003970216, -0.00406576, 0.5127217, 0.5127038, 0.2318125, 0.2317996
72.03513, 70.19896, 599.3847, 53.95366, 1.459787, -0.003892495, -0.004047231, 0.5065088, 0.5064478, 0.2324811, 0.2324378
72.13613, 70.42027, 601.2542, 53.80979, 1.459772, -0.003779272, -0.004020657, 0.5078756, 0.5078204, 0.2329985, 0.2329589
72.23713, 70.64169, 603.1255, 53.65609, 1.459755, -0.003639555, -0.003990125, 0.5084087, 0.508351, 0.2335835, 0.233542
72.33913, 70.86983, 605.0543, 53.48707, 1.459736, -0.003462798, -0.003954358, 0.5122662, 0.5122218, 0.2341667, 0.234134
72.44215, 71.08718, 606.8914, 53.31595, 1.459715, -0.003285724, -0.003920784, 0.5027292, 0.5026443, 0.2348831, 0.2348226
72.54315, 71.31227, 608.7951, 53.12843, 1.459692, -0.003083601, -0.003884539, 0.5124842, 0.5124375, 0.2354311, 0.2353963
72.64416, 71.54314, 610.7469, 52.92589, 1.459667, -0.002882122, -0.003850251, 0.5171508, 0.517131, 0.2360339, 0.2360188
72.74716, 71.77195, 612.6812, 52.71562, 1.459642, -0.002677049, -0.003817206, 0.5125902, 0.512551, 0.2366103, 0.2365808
72.84917, 72.00206, 614.6261, 52.49551, 1.459615, -0.002482744, -0.003787681, 0.5155248, 0.5155014, 0.2371402, 0.2371223
72.95017, 72.21917, 616.4601, 52.28097, 1.45959, -0.002304826, -0.003762181, 0.5074713, 0.5074189, 0.2375185, 0.2374796
73.05118, 72.44088, 618.3331, 52.05592, 1.459563, -0.002143722, -0.003740415, 0.511272, 0.511236, 0.2379104, 0.2378832
73.15218, 72.66505, 620.2263, 51.82337, 1.459537, -0.001989507, -0.003721041, 0.5133179, 0.513293, 0.2382361, 0.2382171
73.25319, 72.89062, 622.1304, 51.58531, 1.459511, -0.001856268, -0.003705691, 0.5144585, 0.514445, 0.2384977, 0.2384873
73.35419, 73.11423, 624.017, 51.34647, 1.459486, -0.001738895, -0.003692938, 0.5130121, 0.5129975, 0.2386506, 0.2386394
73.4552, 73.3369, 625.8956, 51.10799, 1.459461, -0.001675088, -0.00368356, 0.5123183, 0.5122997, 0.238671, 0.2386568
73.55621, 73.55531, 627.7382, 50.88084, 1.45944, -0.001777268, -0.003676445, 0.5087655, 0.5087339, 0.2381876, 0.2381639
73.65722, 73.78286, 629.6574, 50.66265, 1.459418, -0.002121249, -0.003671473, 0.5150282, 0.515033, 0.2371199, 0.2371235
73.75822, 74.01727, 631.6349, 50.46822, 1.459399, -0.00277024, -0.003667968, 0.5190715, 0.5191, 0.2352909, 0.2353127
73.86022, 74.24845, 633.5865, 50.31529, 1.45938, -0.003599427, -0.003666077, 0.5136563, 0.5136648, 0.2330059, 0.2330122
73.96123, 74.47874, 635.5312, 50.20708, 1.459364, -0.004643255, -0.003665145, 0.513034, 0.5130507, 0.2304035, 0.2304154
74.06223, 74.71706, 637.5449, 50.14476, 1.459347, -0.00580372, -0.003664891, 0.5172043, 0.5172475, 0.2273777, 0.2274083
74.16325, 74.9152, 639.2206, 50.1318, 1.459335, -0.006853448, -0.003664965, 0.4845684, 0.4844644, 0.2266392, 0.2265751
74.26425, 75.1726, 641.3988, 50.16856, 1.459319, -0.008238541, -0.003665175, 0.5272952, 0.5273921, 0.2210159, 0.2210836
74.36725, 75.38074, 643.1609, 50.23933, 1.459306, -0.009318311, -0.003665257, 0.486035, 0.4859563, 0.2218674, 0.2218205
74.46826, 75.58114, 644.8579, 50.33751, 1.459293, -0.01030422, -0.00366515, 0.4817022, 0.4816107, 0.2205214, 0.2204685
74.57027, 75.83301, 646.9927, 50.49507, 1.459278, -0.01139667, -0.003664671, 0.5175994, 0.5176721, 0.215268, 0.2153142
74.67127, 76.06387, 648.9492, 50.66415, 1.459263, -0.01231648, -0.003663774, 0.5032038, 0.5032219, 0.2155077, 0.2155186
74.77328, 76.2927, 650.8893, 50.84672, 1.459248, -0.01303992, -0.003662524, 0.4994279, 0.4994285, 0.2151503, 0.2151507
74.87528, 76.51393, 652.7653, 51.03032, 1.459234, -0.01363386, -0.003660876, 0.4933829, 0.493353, 0.2154836, 0.2154664
74.97629, 76.73544, 654.644, 51.21527, 1.459218, -0.01409381, -0.003658941, 0.4951395, 0.4951155, 0.2152641, 0.2152501
75.07729, 76.96411, 656.5828, 51.40253, 1.459203, -0.01448899, -0.003656491, 0.5005286, 0.5005307, 0.2148827, 0.214884
75.1783, 77.1909, 658.5056, 51.58125, 1.459187, -0.01478707, -0.003653896, 0.4992798, 0.4992731, 0.2154561, 0.2154521
75.27931, 77.4192, 660.4409, 51.75231, 1.459171, -0.01505013, -0.003650892, 0.5006261, 0.5006226, 0.2158335, 0.2158314
75.38031, 77.64444, 662.3506, 51.9119, 1.459155, -0.01526935, -0.003647916, 0.4986391, 0.4986197, 0.2166052, 0.2165936
75.48132, 77.86367, 664.2039, 52.06411, 1.459139, -0.01549592, -0.003644625, 0.4935715, 0.4935694, 0.2173003, 0.2172991
75.58232, 77.97935, 665.1324, 52.19855, 1.459122, -0.01572433, -0.003641356, 0.3893709, 0.3893799, 0.222952, 0.2229558
75.68333, 78.08517, 665.9762, 52.32711, 1.459106, -0.01595959, -0.003637987, 0.3777889, 0.3777589, 0.2237497, 0.2237373
75.78433, 78.20097, 666.8903, 52.47432, 1.459088, -0.01621826, -0.003634118, 0.3865014, 0.3866849, 0.222292, 0.222369
75.88634, 78.27952, 667.5057, 52.57878, 1.459074, -0.01639546, -0.003631357, 0.3439455, 0.3437052, 0.2265109, 0.2264195
75.98735, 78.38283, 668.3071, 52.72198, 1.459054, -0.0166351, -0.003627486, 0.3705624, 0.3707711, 0.2231168, 0.2232006
76.09035, 78.46508, 668.938, 52.84146, 1.459038, -0.01682368, -0.003624314, 0.3443652, 0.3443376, 0.2256328, 0.2256224
76.19136, 78.54099, 669.5137, 52.95617, 1.459021, -0.01700637, -0.003621097, 0.3375597, 0.337541, 0.2260064, 0.2259995
76.29436, 78.61611, 670.0759, 53.07421, 1.459004, -0.01717744, -0.003617902, 0.3334444, 0.3334832, 0.2260696, 0.2260838
76.39536, 78.68446, 670.5809, 53.1856, 1.458987, -0.01733794, -0.003614665, 0.3260116, 0.3260359, 0.226578, 0.2265867
76.49538, 78.74474, 671.019, 53.28669, 1.458971, -0.01746775, -0.003611804, 0.3159431, 0.3159102, 0.2274763, 0.2274647
76.59538, 78.80277, 671.4346, 53.38665, 1.458955, -0.01759299, -0.003608739, 0.3120251, 0.312026, 0.2276594, 0.2276597
76.69539, 78.8556, 671.8064, 53.47968, 1.458938, -0.01769563, -0.003605908, 0.3046749, 0.3046365, 0.2283243, 0.2283111
76.79539, 78.90789, 672.1671, 53.57334, 1.458921, -0.01779388, -0.003602804, 0.3025402, 0.3025951, 0.2283313, 0.2283501
76.8954, 78.95363, 672.4754, 53.65626, 1.458905, -0.01787043, -0.003600036, 0.2936942, 0.2936568, 0.2292848, 0.2292722
76.99541, 78.99561, 672.7526, 53.73335, 1.45889, -0.01794127, -0.003597158, 0.2882625, 0.2881882, 0.2298175, 0.2297927
77.09541, 79.03519, 673.0072, 53.80676, 1.458873, -0.01800253, -0.003594424, 0.284198, 0.2841414, 0.2301652, 0.2301466
77.19542, 79.07376, 673.2479, 53.87901, 1.458857, -0.01806529, -0.003591396, 0.2815629, 0.2815809, 0.2303002, 0.2303061
77.29543, 79.10809, 673.4546, 53.94394, 1.458841, -0.01811908, -0.003588621, 0.2755194, 0.2754759, 0.2309496, 0.2309355
77.39542, 79.14046, 673.6428, 54.00601, 1.458825, -0.01817314, -0.003585657, 0.2720709, 0.2720453, 0.2312252, 0.231217
77.49543, 79.17044, 673.8101, 54.06443, 1.458808, -0.0182219, -0.003582827, 0.2681694, 0.2681358, 0.2315699, 0.2315592
77.59544, 79.19824, 673.9578, 54.11945, 1.458793, -0.01827051, -0.003579833, 0.264476, 0.2644454, 0.2318901, 0.2318804
77.69544, 79.22455, 674.0899, 54.17252, 1.458776, -0.01831545, -0.00357688, 0.2614307, 0.2614383, 0.2320928, 0.2320952
77.79545, 79.24857, 674.2022, 54.22168, 1.45876, -0.01835884, -0.003573819, 0.257676, 0.2576732, 0.2324486, 0.2324477
77.89545, 79.27075, 674.2985, 54.26835, 1.458743, -0.01839772, -0.003570863, 0.2545578, 0.2545506, 0.2326949, 0.2326927
77.99546, 79.29112, 674.3785, 54.31198, 1.458727, -0.0184352, -0.003567768, 0.2513772, 0.2513731, 0.232977, 0.2329757
